CCR.Active;BOOL;OPC_QUALITY_GOOD;TRUE
CCR.CircuitClosed;BOOL;OPC_QUALITY_GOOD;TRUE
CCR.ActivePower;FLOAT;OPC_QUALITY_GOOD;
CCR.ReactivePower;FLOAT;OPC_QUALITY_GOOD;
CCR.Current;FLOAT;OPC_QUALITY_GOOD;
CCR.VoltageR;FLOAT;OPC_QUALITY_GOOD;
CCR.VoltageS;FLOAT;OPC_QUALITY_GOOD;
CCR.VoltageT;FLOAT;OPC_QUALITY_GOOD;
CCR.SetpointApplied;FLOAT;OPC_QUALITY_GOOD;
CCR.RoleApplied;FLOAT;OPC_QUALITY_GOOD;
CCR.CECOELSetpointReceived;FLOAT;OPC_QUALITY_GOOD;
CCR.CECOELSetpointMotive;FLOAT;OPC_QUALITY_GOOD;
CCR.CECOELRoleReceived;FLOAT;OPC_QUALITY_GOOD;
CCR.CECORESetpointReceived;FLOAT;OPC_QUALITY_GOOD;
CCR.CECORESetpointMotive;FLOAT;OPC_QUALITY_GOOD;
CCR.CECORERoleReceived;FLOAT;OPC_QUALITY_GOOD;
CCR.OPCConnection;BOOL;OPC_QUALITY_GOOD;TRUE
CCR.IEC104Connection;BOOL;OPC_QUALITY_GOOD;TRUE
CCR.ICCPConnection;BOOL;OPC_QUALITY_GOOD;TRUE
CCR.GatewayConnection;BOOL;OPC_QUALITY_GOOD;TRUE
CCR.CECOELI1Connection;BOOL;OPC_QUALITY_GOOD;TRUE
CCR.CECOELI2Connection;BOOL;OPC_QUALITY_GOOD;TRUE
CCR.CECOREI1Connection;BOOL;OPC_QUALITY_GOOD;TRUE
CCR.CECOREI2Connection;BOOL;OPC_QUALITY_GOOD;TRUE
CCR.RemainingTime;FLOAT;OPC_QUALITY_GOOD;
CCR.ActivePowerAds;FLOAT;OPC_QUALITY_GOOD;
CCR.GridConnection;FLOAT;OPC_QUALITY_GOOD;0
CCR.WindDir;FLOAT;OPC_QUALITY_GOOD;
CCR.WindSpeed;FLOAT;OPC_QUALITY_GOOD;
CCR.Temperature;FLOAT;OPC_QUALITY_GOOD;
CCR.CECOELLinkState;STRING;OPC_QUALITY_GOOD;Active
CCR.CECORELinkState;STRING;OPC_QUALITY_GOOD;Active
MOD.DataStorageManager.Uptime;FLOAT;OPC_QUALITY_GOOD;
MOD.DataStorageManager.BootTime;FLOAT;OPC_QUALITY_GOOD;
MOD.DataStorageManager.Status;STRING;OPC_QUALITY_GOOD;Starting
MOD.DataStorageManager.StatusCode;FLOAT;OPC_QUALITY_GOOD;0
MOD.DataStorageManager.EnabledRequest;FLOAT;OPC_QUALITY_GOOD;
MOD.DataStorageManager.Enabled;FLOAT;OPC_QUALITY_GOOD;
MOD.EventChecker.Uptime;FLOAT;OPC_QUALITY_GOOD;
MOD.EventChecker.BootTime;FLOAT;OPC_QUALITY_GOOD;
MOD.EventChecker.Status;STRING;OPC_QUALITY_GOOD;Starting
MOD.EventChecker.StatusCode;FLOAT;OPC_QUALITY_GOOD;0
MOD.EventChecker.EnabledRequest;FLOAT;OPC_QUALITY_GOOD;
MOD.EventChecker.Enabled;FLOAT;OPC_QUALITY_GOOD;
MOD.EventChecker.ActiveNotAckEvents;STRING;OPC_QUALITY_GOOD;
MOD.EventChecker.EventAcknowledgeRequest;STRING;OPC_QUALITY_GOOD;
MOD.ExpressionCalculator.Uptime;FLOAT;OPC_QUALITY_GOOD;
MOD.ExpressionCalculator.BootTime;FLOAT;OPC_QUALITY_GOOD;
MOD.ExpressionCalculator.Status;STRING;OPC_QUALITY_GOOD;Starting
MOD.ExpressionCalculator.StatusCode;FLOAT;OPC_QUALITY_GOOD;0
MOD.ExpressionCalculator.EnabledRequest;FLOAT;OPC_QUALITY_GOOD;
MOD.ExpressionCalculator.Enabled;FLOAT;OPC_QUALITY_GOOD;
MOD.ModbusMaster.Uptime;FLOAT;OPC_QUALITY_GOOD;
MOD.ModbusMaster.BootTime;FLOAT;OPC_QUALITY_GOOD;
MOD.ModbusMaster.Status;STRING;OPC_QUALITY_GOOD;Starting
MOD.ModbusMaster.StatusCode;FLOAT;OPC_QUALITY_GOOD;0
MOD.ModbusMaster.EnabledRequest;FLOAT;OPC_QUALITY_GOOD;
MOD.ModbusMaster.Enabled;FLOAT;OPC_QUALITY_GOOD;
MOD.OPCClient.Uptime;FLOAT;OPC_QUALITY_GOOD;
MOD.OPCClient.BootTime;FLOAT;OPC_QUALITY_GOOD;
MOD.OPCClient.Status;STRING;OPC_QUALITY_GOOD;Starting
MOD.OPCClient.StatusCode;FLOAT;OPC_QUALITY_GOOD;0
MOD.OPCClient.EnabledRequest;FLOAT;OPC_QUALITY_GOOD;
MOD.OPCClient.Enabled;FLOAT;OPC_QUALITY_GOOD;
MOD.OPCClient.CommState;FLOAT;OPC_QUALITY_GOOD;
MOD.OPCClient.LastDataReading;FLOAT;OPC_QUALITY_GOOD;
MOD.OPCClientPlants.Uptime;FLOAT;OPC_QUALITY_GOOD;
MOD.OPCClientPlants.BootTime;FLOAT;OPC_QUALITY_GOOD;
MOD.OPCClientPlants.Status;STRING;OPC_QUALITY_GOOD;Starting
MOD.OPCClientPlants.StatusCode;FLOAT;OPC_QUALITY_GOOD;0
MOD.OPCClientPlants.EnabledRequest;FLOAT;OPC_QUALITY_GOOD;
MOD.OPCClientPlants.Enabled;FLOAT;OPC_QUALITY_GOOD;
MOD.OPCClientPlants.CommState;FLOAT;OPC_QUALITY_GOOD;
MOD.OPCClientPlants.LastDataReading;FLOAT;OPC_QUALITY_GOOD;
MOD.RoleManager.Uptime;FLOAT;OPC_QUALITY_GOOD;
MOD.RoleManager.BootTime;FLOAT;OPC_QUALITY_GOOD;
MOD.RoleManager.Status;STRING;OPC_QUALITY_GOOD;Starting
MOD.RoleManager.StatusCode;FLOAT;OPC_QUALITY_GOOD;0
MOD.RoleManager.EnabledRequest;FLOAT;OPC_QUALITY_GOOD;
MOD.RoleManager.Enabled;FLOAT;OPC_QUALITY_GOOD;
MOD.WebServer.Uptime;FLOAT;OPC_QUALITY_GOOD;
MOD.WebServer.BootTime;FLOAT;OPC_QUALITY_GOOD;
MOD.WebServer.Status;STRING;OPC_QUALITY_GOOD;Starting
MOD.WebServer.StatusCode;FLOAT;OPC_QUALITY_GOOD;0
MOD.WebServer.EnabledRequest;FLOAT;OPC_QUALITY_GOOD;
MOD.WebServer.Enabled;FLOAT;OPC_QUALITY_GOOD;
MOD.AssetCalcs.Uptime;FLOAT;OPC_QUALITY_GOOD;
MOD.AssetCalcs.BootTime;FLOAT;OPC_QUALITY_GOOD;
MOD.AssetCalcs.Status;STRING;OPC_QUALITY_GOOD;Starting
MOD.AssetCalcs.StatusCode;FLOAT;OPC_QUALITY_GOOD;0
MOD.AssetCalcs.EnabledRequest;FLOAT;OPC_QUALITY_GOOD;
MOD.AssetCalcs.Enabled;FLOAT;OPC_QUALITY_GOOD;
MOD.ASFtpDownloader.Uptime;FLOAT;OPC_QUALITY_GOOD;
MOD.ASFtpDownloader.BootTime;FLOAT;OPC_QUALITY_GOOD;
MOD.ASFtpDownloader.Status;STRING;OPC_QUALITY_GOOD;Starting
MOD.ASFtpDownloader.StatusCode;FLOAT;OPC_QUALITY_GOOD;0
MOD.ASFtpDownloader.EnabledRequest;FLOAT;OPC_QUALITY_GOOD;
MOD.ASFtpDownloader.Enabled;FLOAT;OPC_QUALITY_GOOD;
MOD.OPCClientICCP1.Uptime;FLOAT;OPC_QUALITY_GOOD;
MOD.OPCClientICCP1.BootTime;FLOAT;OPC_QUALITY_GOOD;
MOD.OPCClientICCP1.Status;STRING;OPC_QUALITY_GOOD;Starting
MOD.OPCClientICCP1.StatusCode;FLOAT;OPC_QUALITY_GOOD;0
MOD.OPCClientICCP1.EnabledRequest;FLOAT;OPC_QUALITY_GOOD;
MOD.OPCClientICCP1.Enabled;FLOAT;OPC_QUALITY_GOOD;
MOD.OPCClientICCP1.CommState;FLOAT;OPC_QUALITY_GOOD;
MOD.OPCClientICCP1.LastDataReading;FLOAT;OPC_QUALITY_GOOD;
MOD.OPCClientICCP2.Uptime;FLOAT;OPC_QUALITY_GOOD;
MOD.OPCClientICCP2.BootTime;FLOAT;OPC_QUALITY_GOOD;
MOD.OPCClientICCP2.Status;STRING;OPC_QUALITY_GOOD;Starting
MOD.OPCClientICCP2.StatusCode;FLOAT;OPC_QUALITY_GOOD;0
MOD.OPCClientICCP2.EnabledRequest;FLOAT;OPC_QUALITY_GOOD;
MOD.OPCClientICCP2.Enabled;FLOAT;OPC_QUALITY_GOOD;
MOD.OPCClientICCP2.CommState;FLOAT;OPC_QUALITY_GOOD;
MOD.OPCClientICCP2.LastDataReading;FLOAT;OPC_QUALITY_GOOD;
MOD.OPCClientOPC1.Uptime;FLOAT;OPC_QUALITY_GOOD;
MOD.OPCClientOPC1.BootTime;FLOAT;OPC_QUALITY_GOOD;
MOD.OPCClientOPC1.Status;STRING;OPC_QUALITY_GOOD;Starting
MOD.OPCClientOPC1.StatusCode;FLOAT;OPC_QUALITY_GOOD;0
MOD.OPCClientOPC1.EnabledRequest;FLOAT;OPC_QUALITY_GOOD;
MOD.OPCClientOPC1.Enabled;FLOAT;OPC_QUALITY_GOOD;
MOD.OPCClientOPC1.CommState;FLOAT;OPC_QUALITY_GOOD;
MOD.OPCClientOPC1.LastDataReading;FLOAT;OPC_QUALITY_GOOD;
MOD.OPCClientOPC2.Uptime;FLOAT;OPC_QUALITY_GOOD;
MOD.OPCClientOPC2.BootTime;FLOAT;OPC_QUALITY_GOOD;
MOD.OPCClientOPC2.Status;STRING;OPC_QUALITY_GOOD;Starting
MOD.OPCClientOPC2.StatusCode;FLOAT;OPC_QUALITY_GOOD;0
MOD.OPCClientOPC2.EnabledRequest;FLOAT;OPC_QUALITY_GOOD;
MOD.OPCClientOPC2.Enabled;FLOAT;OPC_QUALITY_GOOD;
MOD.OPCClientOPC2.CommState;FLOAT;OPC_QUALITY_GOOD;
MOD.OPCClientOPC2.LastDataReading;FLOAT;OPC_QUALITY_GOOD;
MOD.WeatherAlert.Uptime;FLOAT;OPC_QUALITY_GOOD;
MOD.WeatherAlert.BootTime;FLOAT;OPC_QUALITY_GOOD;
MOD.WeatherAlert.Status;STRING;OPC_QUALITY_GOOD;Starting
MOD.WeatherAlert.StatusCode;FLOAT;OPC_QUALITY_GOOD;0
MOD.WeatherAlert.EnabledRequest;FLOAT;OPC_QUALITY_GOOD;
MOD.WeatherAlert.Enabled;FLOAT;OPC_QUALITY_GOOD;
NODE_Facinas.Active;BOOL;OPC_QUALITY_OUT_OF_SERVICE;TRUE
NODE_Facinas.ActivePower;FLOAT;OPC_QUALITY_OUT_OF_SERVICE;
NODE_Facinas.ReactivePower;FLOAT;OPC_QUALITY_OUT_OF_SERVICE;
NODE_Facinas.Current;FLOAT;OPC_QUALITY_OUT_OF_SERVICE;
NODE_Facinas.VoltageR;FLOAT;OPC_QUALITY_OUT_OF_SERVICE;
NODE_Facinas.VoltageS;FLOAT;OPC_QUALITY_OUT_OF_SERVICE;
NODE_Facinas.VoltageT;FLOAT;OPC_QUALITY_OUT_OF_SERVICE;
NODE_Facinas.SetpointApplied;FLOAT;OPC_QUALITY_OUT_OF_SERVICE;
NODE_Facinas.CECOELSetpointReceived;FLOAT;OPC_QUALITY_OUT_OF_SERVICE;
NODE_Facinas.CECOELSetpointMotive;FLOAT;OPC_QUALITY_OUT_OF_SERVICE;
NODE_Facinas.CECORESetpointReceived;FLOAT;OPC_QUALITY_OUT_OF_SERVICE;
NODE_Facinas.CECORESetpointMotive;FLOAT;OPC_QUALITY_OUT_OF_SERVICE;
NODE_Facinas.CECORERoleReceived;FLOAT;OPC_QUALITY_OUT_OF_SERVICE;
NODE_Facinas.RemainingTime;FLOAT;OPC_QUALITY_OUT_OF_SERVICE;
NODE_Facinas.ActivePowerAds;FLOAT;OPC_QUALITY_OUT_OF_SERVICE;
NODE_Facinas.GridConnection;FLOAT;OPC_QUALITY_OUT_OF_SERVICE;2
NODE_Facinas.WindDirection;FLOAT;OPC_QUALITY_OUT_OF_SERVICE;
NODE_Facinas.WindSpeed;FLOAT;OPC_QUALITY_OUT_OF_SERVICE;
NODE_Facinas.Temperature;FLOAT;OPC_QUALITY_OUT_OF_SERVICE;
NODE_Facinas.CircuitClosed;BOOL;OPC_QUALITY_OUT_OF_SERVICE;TRUE
NODE_Gurrea.Active;BOOL;OPC_QUALITY_OUT_OF_SERVICE;TRUE
NODE_Gurrea.ActivePower;FLOAT;OPC_QUALITY_OUT_OF_SERVICE;
NODE_Gurrea.ReactivePower;FLOAT;OPC_QUALITY_OUT_OF_SERVICE;
NODE_Gurrea.Current;FLOAT;OPC_QUALITY_OUT_OF_SERVICE;
NODE_Gurrea.VoltageR;FLOAT;OPC_QUALITY_OUT_OF_SERVICE;
NODE_Gurrea.VoltageS;FLOAT;OPC_QUALITY_OUT_OF_SERVICE;
NODE_Gurrea.VoltageT;FLOAT;OPC_QUALITY_OUT_OF_SERVICE;
NODE_Gurrea.SetpointApplied;FLOAT;OPC_QUALITY_OUT_OF_SERVICE;
NODE_Gurrea.CECOELSetpointReceived;FLOAT;OPC_QUALITY_OUT_OF_SERVICE;
NODE_Gurrea.CECOELSetpointMotive;FLOAT;OPC_QUALITY_OUT_OF_SERVICE;
NODE_Gurrea.CECORESetpointReceived;FLOAT;OPC_QUALITY_OUT_OF_SERVICE;
NODE_Gurrea.CECORESetpointMotive;FLOAT;OPC_QUALITY_OUT_OF_SERVICE;
NODE_Gurrea.CECORERoleReceived;FLOAT;OPC_QUALITY_OUT_OF_SERVICE;
NODE_Gurrea.RemainingTime;FLOAT;OPC_QUALITY_OUT_OF_SERVICE;
NODE_Gurrea.ActivePowerAds;FLOAT;OPC_QUALITY_OUT_OF_SERVICE;
NODE_Gurrea.GridConnection;FLOAT;OPC_QUALITY_OUT_OF_SERVICE;2
NODE_Gurrea.WindDirection;FLOAT;OPC_QUALITY_OUT_OF_SERVICE;
NODE_Gurrea.WindSpeed;FLOAT;OPC_QUALITY_OUT_OF_SERVICE;
NODE_Gurrea.Temperature;FLOAT;OPC_QUALITY_OUT_OF_SERVICE;
NODE_Gurrea.CircuitClosed;BOOL;OPC_QUALITY_OUT_OF_SERVICE;TRUE
NODE_LanzasAgudas.Active;BOOL;OPC_QUALITY_OUT_OF_SERVICE;TRUE
NODE_LanzasAgudas.ActivePower;FLOAT;OPC_QUALITY_OUT_OF_SERVICE;
NODE_LanzasAgudas.ReactivePower;FLOAT;OPC_QUALITY_OUT_OF_SERVICE;
NODE_LanzasAgudas.Current;FLOAT;OPC_QUALITY_OUT_OF_SERVICE;
NODE_LanzasAgudas.VoltageR;FLOAT;OPC_QUALITY_OUT_OF_SERVICE;
NODE_LanzasAgudas.VoltageS;FLOAT;OPC_QUALITY_OUT_OF_SERVICE;
NODE_LanzasAgudas.VoltageT;FLOAT;OPC_QUALITY_OUT_OF_SERVICE;
NODE_LanzasAgudas.SetpointApplied;FLOAT;OPC_QUALITY_OUT_OF_SERVICE;
NODE_LanzasAgudas.CECOELSetpointReceived;FLOAT;OPC_QUALITY_OUT_OF_SERVICE;
NODE_LanzasAgudas.CECOELSetpointMotive;FLOAT;OPC_QUALITY_OUT_OF_SERVICE;
NODE_LanzasAgudas.CECORESetpointReceived;FLOAT;OPC_QUALITY_OUT_OF_SERVICE;
NODE_LanzasAgudas.CECORESetpointMotive;FLOAT;OPC_QUALITY_OUT_OF_SERVICE;
NODE_LanzasAgudas.CECORERoleReceived;FLOAT;OPC_QUALITY_OUT_OF_SERVICE;
NODE_LanzasAgudas.RemainingTime;FLOAT;OPC_QUALITY_OUT_OF_SERVICE;
NODE_LanzasAgudas.ActivePowerAds;FLOAT;OPC_QUALITY_OUT_OF_SERVICE;
NODE_LanzasAgudas.GridConnection;FLOAT;OPC_QUALITY_OUT_OF_SERVICE;2
NODE_LanzasAgudas.WindDirection;FLOAT;OPC_QUALITY_OUT_OF_SERVICE;
NODE_LanzasAgudas.WindSpeed;FLOAT;OPC_QUALITY_OUT_OF_SERVICE;
NODE_LanzasAgudas.Temperature;FLOAT;OPC_QUALITY_OUT_OF_SERVICE;
NODE_LanzasAgudas.CircuitClosed;BOOL;OPC_QUALITY_OUT_OF_SERVICE;TRUE
NODE_Maria.Active;BOOL;OPC_QUALITY_OUT_OF_SERVICE;TRUE
NODE_Maria.ActivePower;FLOAT;OPC_QUALITY_OUT_OF_SERVICE;
NODE_Maria.ReactivePower;FLOAT;OPC_QUALITY_OUT_OF_SERVICE;
NODE_Maria.Current;FLOAT;OPC_QUALITY_OUT_OF_SERVICE;
NODE_Maria.VoltageR;FLOAT;OPC_QUALITY_OUT_OF_SERVICE;
NODE_Maria.VoltageS;FLOAT;OPC_QUALITY_OUT_OF_SERVICE;
NODE_Maria.VoltageT;FLOAT;OPC_QUALITY_OUT_OF_SERVICE;
NODE_Maria.SetpointApplied;FLOAT;OPC_QUALITY_OUT_OF_SERVICE;
NODE_Maria.CECOELSetpointReceived;FLOAT;OPC_QUALITY_OUT_OF_SERVICE;
NODE_Maria.CECOELSetpointMotive;FLOAT;OPC_QUALITY_OUT_OF_SERVICE;
NODE_Maria.CECORESetpointReceived;FLOAT;OPC_QUALITY_OUT_OF_SERVICE;
NODE_Maria.CECORESetpointMotive;FLOAT;OPC_QUALITY_OUT_OF_SERVICE;
NODE_Maria.CECORERoleReceived;FLOAT;OPC_QUALITY_OUT_OF_SERVICE;
NODE_Maria.RemainingTime;FLOAT;OPC_QUALITY_OUT_OF_SERVICE;
NODE_Maria.ActivePowerAds;FLOAT;OPC_QUALITY_OUT_OF_SERVICE;
NODE_Maria.GridConnection;FLOAT;OPC_QUALITY_OUT_OF_SERVICE;2
NODE_Maria.WindDirection;FLOAT;OPC_QUALITY_OUT_OF_SERVICE;
NODE_Maria.WindSpeed;FLOAT;OPC_QUALITY_OUT_OF_SERVICE;
NODE_Maria.Temperature;FLOAT;OPC_QUALITY_OUT_OF_SERVICE;
NODE_Maria.CircuitClosed;BOOL;OPC_QUALITY_OUT_OF_SERVICE;TRUE
NODE_MonteTorrero.Active;BOOL;OPC_QUALITY_OUT_OF_SERVICE;TRUE
NODE_MonteTorrero.ActivePower;FLOAT;OPC_QUALITY_OUT_OF_SERVICE;
NODE_MonteTorrero.ReactivePower;FLOAT;OPC_QUALITY_OUT_OF_SERVICE;
NODE_MonteTorrero.Current;FLOAT;OPC_QUALITY_OUT_OF_SERVICE;
NODE_MonteTorrero.VoltageR;FLOAT;OPC_QUALITY_OUT_OF_SERVICE;
NODE_MonteTorrero.VoltageS;FLOAT;OPC_QUALITY_OUT_OF_SERVICE;
NODE_MonteTorrero.VoltageT;FLOAT;OPC_QUALITY_OUT_OF_SERVICE;
NODE_MonteTorrero.SetpointApplied;FLOAT;OPC_QUALITY_OUT_OF_SERVICE;
NODE_MonteTorrero.CECOELSetpointReceived;FLOAT;OPC_QUALITY_OUT_OF_SERVICE;
NODE_MonteTorrero.CECOELSetpointMotive;FLOAT;OPC_QUALITY_OUT_OF_SERVICE;
NODE_MonteTorrero.CECORESetpointReceived;FLOAT;OPC_QUALITY_OUT_OF_SERVICE;
NODE_MonteTorrero.CECORESetpointMotive;FLOAT;OPC_QUALITY_OUT_OF_SERVICE;
NODE_MonteTorrero.CECORERoleReceived;FLOAT;OPC_QUALITY_OUT_OF_SERVICE;
NODE_MonteTorrero.RemainingTime;FLOAT;OPC_QUALITY_OUT_OF_SERVICE;
NODE_MonteTorrero.ActivePowerAds;FLOAT;OPC_QUALITY_OUT_OF_SERVICE;
NODE_MonteTorrero.GridConnection;FLOAT;OPC_QUALITY_OUT_OF_SERVICE;2
NODE_MonteTorrero.WindDirection;FLOAT;OPC_QUALITY_OUT_OF_SERVICE;
NODE_MonteTorrero.WindSpeed;FLOAT;OPC_QUALITY_OUT_OF_SERVICE;
NODE_MonteTorrero.Temperature;FLOAT;OPC_QUALITY_OUT_OF_SERVICE;
NODE_MonteTorrero.CircuitClosed;BOOL;OPC_QUALITY_OUT_OF_SERVICE;TRUE
NODE_Olmedilla.Active;BOOL;OPC_QUALITY_OUT_OF_SERVICE;TRUE
NODE_Olmedilla.ActivePower;FLOAT;OPC_QUALITY_OUT_OF_SERVICE;
NODE_Olmedilla.ReactivePower;FLOAT;OPC_QUALITY_OUT_OF_SERVICE;
NODE_Olmedilla.Current;FLOAT;OPC_QUALITY_OUT_OF_SERVICE;
NODE_Olmedilla.VoltageR;FLOAT;OPC_QUALITY_OUT_OF_SERVICE;
NODE_Olmedilla.VoltageS;FLOAT;OPC_QUALITY_OUT_OF_SERVICE;
NODE_Olmedilla.VoltageT;FLOAT;OPC_QUALITY_OUT_OF_SERVICE;
NODE_Olmedilla.SetpointApplied;FLOAT;OPC_QUALITY_OUT_OF_SERVICE;
NODE_Olmedilla.CECOELSetpointReceived;FLOAT;OPC_QUALITY_OUT_OF_SERVICE;
NODE_Olmedilla.CECOELSetpointMotive;FLOAT;OPC_QUALITY_OUT_OF_SERVICE;
NODE_Olmedilla.CECORESetpointReceived;FLOAT;OPC_QUALITY_OUT_OF_SERVICE;
NODE_Olmedilla.CECORESetpointMotive;FLOAT;OPC_QUALITY_OUT_OF_SERVICE;
NODE_Olmedilla.CECORERoleReceived;FLOAT;OPC_QUALITY_OUT_OF_SERVICE;
NODE_Olmedilla.RemainingTime;FLOAT;OPC_QUALITY_OUT_OF_SERVICE;
NODE_Olmedilla.ActivePowerAds;FLOAT;OPC_QUALITY_OUT_OF_SERVICE;
NODE_Olmedilla.GridConnection;FLOAT;OPC_QUALITY_OUT_OF_SERVICE;2
NODE_Olmedilla.WindDirection;FLOAT;OPC_QUALITY_OUT_OF_SERVICE;
NODE_Olmedilla.WindSpeed;FLOAT;OPC_QUALITY_OUT_OF_SERVICE;
NODE_Olmedilla.Temperature;FLOAT;OPC_QUALITY_OUT_OF_SERVICE;
NODE_Olmedilla.CircuitClosed;BOOL;OPC_QUALITY_OUT_OF_SERVICE;TRUE
NODE_Oncala.Active;BOOL;OPC_QUALITY_OUT_OF_SERVICE;TRUE
NODE_Oncala.ActivePower;FLOAT;OPC_QUALITY_OUT_OF_SERVICE;
NODE_Oncala.ReactivePower;FLOAT;OPC_QUALITY_OUT_OF_SERVICE;
NODE_Oncala.Current;FLOAT;OPC_QUALITY_OUT_OF_SERVICE;
NODE_Oncala.VoltageR;FLOAT;OPC_QUALITY_OUT_OF_SERVICE;
NODE_Oncala.VoltageS;FLOAT;OPC_QUALITY_OUT_OF_SERVICE;
NODE_Oncala.VoltageT;FLOAT;OPC_QUALITY_OUT_OF_SERVICE;
NODE_Oncala.SetpointApplied;FLOAT;OPC_QUALITY_OUT_OF_SERVICE;
NODE_Oncala.CECOELSetpointReceived;FLOAT;OPC_QUALITY_OUT_OF_SERVICE;
NODE_Oncala.CECOELSetpointMotive;FLOAT;OPC_QUALITY_OUT_OF_SERVICE;
NODE_Oncala.CECORESetpointReceived;FLOAT;OPC_QUALITY_OUT_OF_SERVICE;
NODE_Oncala.CECORESetpointMotive;FLOAT;OPC_QUALITY_OUT_OF_SERVICE;
NODE_Oncala.CECORERoleReceived;FLOAT;OPC_QUALITY_OUT_OF_SERVICE;
NODE_Oncala.RemainingTime;FLOAT;OPC_QUALITY_OUT_OF_SERVICE;
NODE_Oncala.ActivePowerAds;FLOAT;OPC_QUALITY_OUT_OF_SERVICE;
NODE_Oncala.GridConnection;FLOAT;OPC_QUALITY_OUT_OF_SERVICE;2
NODE_Oncala.WindDirection;FLOAT;OPC_QUALITY_OUT_OF_SERVICE;
NODE_Oncala.WindSpeed;FLOAT;OPC_QUALITY_OUT_OF_SERVICE;
NODE_Oncala.Temperature;FLOAT;OPC_QUALITY_OUT_OF_SERVICE;
NODE_Oncala.CircuitClosed;BOOL;OPC_QUALITY_OUT_OF_SERVICE;TRUE
NODE_Trevago.Active;BOOL;OPC_QUALITY_OUT_OF_SERVICE;TRUE
NODE_Trevago.ActivePower;FLOAT;OPC_QUALITY_OUT_OF_SERVICE;
NODE_Trevago.ReactivePower;FLOAT;OPC_QUALITY_OUT_OF_SERVICE;
NODE_Trevago.Current;FLOAT;OPC_QUALITY_OUT_OF_SERVICE;
NODE_Trevago.VoltageR;FLOAT;OPC_QUALITY_OUT_OF_SERVICE;
NODE_Trevago.VoltageS;FLOAT;OPC_QUALITY_OUT_OF_SERVICE;
NODE_Trevago.VoltageT;FLOAT;OPC_QUALITY_OUT_OF_SERVICE;
NODE_Trevago.SetpointApplied;FLOAT;OPC_QUALITY_OUT_OF_SERVICE;
NODE_Trevago.CECOELSetpointReceived;FLOAT;OPC_QUALITY_OUT_OF_SERVICE;
NODE_Trevago.CECOELSetpointMotive;FLOAT;OPC_QUALITY_OUT_OF_SERVICE;
NODE_Trevago.CECORESetpointReceived;FLOAT;OPC_QUALITY_OUT_OF_SERVICE;
NODE_Trevago.CECORESetpointMotive;FLOAT;OPC_QUALITY_OUT_OF_SERVICE;
NODE_Trevago.CECORERoleReceived;FLOAT;OPC_QUALITY_OUT_OF_SERVICE;
NODE_Trevago.RemainingTime;FLOAT;OPC_QUALITY_OUT_OF_SERVICE;
NODE_Trevago.ActivePowerAds;FLOAT;OPC_QUALITY_OUT_OF_SERVICE;
NODE_Trevago.GridConnection;FLOAT;OPC_QUALITY_OUT_OF_SERVICE;2
NODE_Trevago.WindDirection;FLOAT;OPC_QUALITY_OUT_OF_SERVICE;
NODE_Trevago.WindSpeed;FLOAT;OPC_QUALITY_OUT_OF_SERVICE;
NODE_Trevago.Temperature;FLOAT;OPC_QUALITY_OUT_OF_SERVICE;
NODE_Trevago.CircuitClosed;BOOL;OPC_QUALITY_OUT_OF_SERVICE;TRUE
PARK_Bancal.Active;BOOL;OPC_QUALITY_OUT_OF_SERVICE;TRUE
PARK_Bancal.NominalPower;FLOAT;OPC_QUALITY_GOOD;21000
PARK_Bancal.ActivePower;FLOAT;OPC_QUALITY_OUT_OF_SERVICE;
PARK_Bancal.ReactivePower;FLOAT;OPC_QUALITY_OUT_OF_SERVICE;
PARK_Bancal.Current;FLOAT;OPC_QUALITY_OUT_OF_SERVICE;
PARK_Bancal.VoltageR;FLOAT;OPC_QUALITY_OUT_OF_SERVICE;
PARK_Bancal.VoltageS;FLOAT;OPC_QUALITY_OUT_OF_SERVICE;
PARK_Bancal.VoltageT;FLOAT;OPC_QUALITY_OUT_OF_SERVICE;
PARK_Bancal.WindSpeed;FLOAT;OPC_QUALITY_OUT_OF_SERVICE;
PARK_Bancal.WindDirection;FLOAT;OPC_QUALITY_OUT_OF_SERVICE;
PARK_Bancal.Temperature;FLOAT;OPC_QUALITY_OUT_OF_SERVICE;
PARK_Bancal.SetpointApplied;FLOAT;OPC_QUALITY_OUT_OF_SERVICE;
PARK_Bancal.SetpointRequest;FLOAT;OPC_QUALITY_OUT_OF_SERVICE;
PARK_Bancal.CECOELSetpointReceived;FLOAT;OPC_QUALITY_OUT_OF_SERVICE;
PARK_Bancal.CECOELSetpointMotive;FLOAT;OPC_QUALITY_OUT_OF_SERVICE;
PARK_Bancal.CECORESetpointReceived;FLOAT;OPC_QUALITY_OUT_OF_SERVICE;
PARK_Bancal.CECORESetpointMotive;FLOAT;OPC_QUALITY_OUT_OF_SERVICE;
PARK_Bancal.CECORERoleReceived;FLOAT;OPC_QUALITY_OUT_OF_SERVICE;
PARK_Bancal.ProduciblePower;FLOAT;OPC_QUALITY_OUT_OF_SERVICE;
PARK_Bancal.H1Energy;FLOAT;OPC_QUALITY_OUT_OF_SERVICE;
PARK_Bancal.H2Energy;FLOAT;OPC_QUALITY_OUT_OF_SERVICE;
PARK_Bancal.H3Energy;FLOAT;OPC_QUALITY_OUT_OF_SERVICE;
PARK_Bancal.H4Energy;FLOAT;OPC_QUALITY_OUT_OF_SERVICE;
PARK_Bancal.RemainingTime;FLOAT;OPC_QUALITY_OUT_OF_SERVICE;
PARK_Bancal.ActivePowerAds;FLOAT;OPC_QUALITY_OUT_OF_SERVICE;
PARK_Bancal.GridConnection;FLOAT;OPC_QUALITY_OUT_OF_SERVICE;2
PARK_Bancal.CircuitClosed;BOOL;OPC_QUALITY_OUT_OF_SERVICE;TRUE
PARK_Bancal.Auxiliar1;FLOAT;OPC_QUALITY_OUT_OF_SERVICE;
PARK_Bancal.Auxiliar2;FLOAT;OPC_QUALITY_OUT_OF_SERVICE;
PARK_Bancal.Auxiliar3;FLOAT;OPC_QUALITY_OUT_OF_SERVICE;
PARK_Bancal.Auxiliar4;FLOAT;OPC_QUALITY_OUT_OF_SERVICE;
PARK_Bancal.Auxiliar5;FLOAT;OPC_QUALITY_OUT_OF_SERVICE;
PARK_Bancal.CosPhi;FLOAT;OPC_QUALITY_GOOD;
PARK_Bancal.Energy;FLOAT;OPC_QUALITY_GOOD;
PARK_Bancal.WeatherAlertMsg;STRING;OPC_QUALITY_GOOD;
PARK_Bancal.WeatherAlertInfo;STRING;OPC_QUALITY_GOOD;
PARK_Bancal.EnergyFuture;FLOAT;OPC_QUALITY_GOOD;
PARK_Bancal.EstimatedEnergy;FLOAT;OPC_QUALITY_GOOD;
PARK_Bancal.LimitationEnergy;FLOAT;OPC_QUALITY_GOOD;
PARK_Bancal.LimitationEnergyInfo;STRING;OPC_QUALITY_GOOD;
PARK_Bancal.ASAssignStatus;STRING;OPC_QUALITY_GOOD;
PARK_Bancal.ASLimitStatus;STRING;OPC_QUALITY_GOOD;
PARK_Bancal.SetpointReference;FLOAT;OPC_QUALITY_GOOD;24000
PARK_LosSiglos.Active;BOOL;OPC_QUALITY_OUT_OF_SERVICE;TRUE
PARK_LosSiglos.NominalPower;FLOAT;OPC_QUALITY_GOOD;18000
PARK_LosSiglos.ActivePower;FLOAT;OPC_QUALITY_OUT_OF_SERVICE;
PARK_LosSiglos.ReactivePower;FLOAT;OPC_QUALITY_OUT_OF_SERVICE;
PARK_LosSiglos.Current;FLOAT;OPC_QUALITY_OUT_OF_SERVICE;
PARK_LosSiglos.VoltageR;FLOAT;OPC_QUALITY_OUT_OF_SERVICE;
PARK_LosSiglos.VoltageS;FLOAT;OPC_QUALITY_OUT_OF_SERVICE;
PARK_LosSiglos.VoltageT;FLOAT;OPC_QUALITY_OUT_OF_SERVICE;
PARK_LosSiglos.WindSpeed;FLOAT;OPC_QUALITY_OUT_OF_SERVICE;
PARK_LosSiglos.WindDirection;FLOAT;OPC_QUALITY_OUT_OF_SERVICE;
PARK_LosSiglos.Temperature;FLOAT;OPC_QUALITY_OUT_OF_SERVICE;
PARK_LosSiglos.SetpointApplied;FLOAT;OPC_QUALITY_OUT_OF_SERVICE;
PARK_LosSiglos.SetpointRequest;FLOAT;OPC_QUALITY_OUT_OF_SERVICE;
PARK_LosSiglos.CECOELSetpointReceived;FLOAT;OPC_QUALITY_OUT_OF_SERVICE;
PARK_LosSiglos.CECOELSetpointMotive;FLOAT;OPC_QUALITY_OUT_OF_SERVICE;
PARK_LosSiglos.CECORESetpointReceived;FLOAT;OPC_QUALITY_OUT_OF_SERVICE;
PARK_LosSiglos.CECORESetpointMotive;FLOAT;OPC_QUALITY_OUT_OF_SERVICE;
PARK_LosSiglos.CECORERoleReceived;FLOAT;OPC_QUALITY_OUT_OF_SERVICE;
PARK_LosSiglos.ProduciblePower;FLOAT;OPC_QUALITY_OUT_OF_SERVICE;
PARK_LosSiglos.H1Energy;FLOAT;OPC_QUALITY_OUT_OF_SERVICE;
PARK_LosSiglos.H2Energy;FLOAT;OPC_QUALITY_OUT_OF_SERVICE;
PARK_LosSiglos.H3Energy;FLOAT;OPC_QUALITY_OUT_OF_SERVICE;
PARK_LosSiglos.H4Energy;FLOAT;OPC_QUALITY_OUT_OF_SERVICE;
PARK_LosSiglos.RemainingTime;FLOAT;OPC_QUALITY_OUT_OF_SERVICE;
PARK_LosSiglos.ActivePowerAds;FLOAT;OPC_QUALITY_OUT_OF_SERVICE;
PARK_LosSiglos.GridConnection;FLOAT;OPC_QUALITY_OUT_OF_SERVICE;2
PARK_LosSiglos.CircuitClosed;BOOL;OPC_QUALITY_OUT_OF_SERVICE;TRUE
PARK_LosSiglos.Auxiliar1;FLOAT;OPC_QUALITY_OUT_OF_SERVICE;
PARK_LosSiglos.Auxiliar2;FLOAT;OPC_QUALITY_OUT_OF_SERVICE;
PARK_LosSiglos.Auxiliar3;FLOAT;OPC_QUALITY_OUT_OF_SERVICE;
PARK_LosSiglos.Auxiliar4;FLOAT;OPC_QUALITY_OUT_OF_SERVICE;
PARK_LosSiglos.Auxiliar5;FLOAT;OPC_QUALITY_OUT_OF_SERVICE;
PARK_LosSiglos.CosPhi;FLOAT;OPC_QUALITY_GOOD;
PARK_LosSiglos.Energy;FLOAT;OPC_QUALITY_GOOD;
PARK_LosSiglos.WeatherAlertMsg;STRING;OPC_QUALITY_GOOD;
PARK_LosSiglos.WeatherAlertInfo;STRING;OPC_QUALITY_GOOD;
PARK_LosSiglos.EnergyFuture;FLOAT;OPC_QUALITY_GOOD;
PARK_LosSiglos.EstimatedEnergy;FLOAT;OPC_QUALITY_GOOD;
PARK_LosSiglos.LimitationEnergy;FLOAT;OPC_QUALITY_GOOD;
PARK_LosSiglos.LimitationEnergyInfo;STRING;OPC_QUALITY_GOOD;
PARK_LosSiglos.ASAssignStatus;STRING;OPC_QUALITY_GOOD;
PARK_LosSiglos.ASLimitStatus;STRING;OPC_QUALITY_GOOD;
PARK_LosSiglos.SetpointReference;FLOAT;OPC_QUALITY_GOOD;20000
PARK_RioGallego.Active;BOOL;OPC_QUALITY_OUT_OF_SERVICE;TRUE
PARK_RioGallego.NominalPower;FLOAT;OPC_QUALITY_GOOD;38700
PARK_RioGallego.ActivePower;FLOAT;OPC_QUALITY_OUT_OF_SERVICE;
PARK_RioGallego.ReactivePower;FLOAT;OPC_QUALITY_OUT_OF_SERVICE;
PARK_RioGallego.Current;FLOAT;OPC_QUALITY_OUT_OF_SERVICE;
PARK_RioGallego.VoltageR;FLOAT;OPC_QUALITY_OUT_OF_SERVICE;
PARK_RioGallego.VoltageS;FLOAT;OPC_QUALITY_OUT_OF_SERVICE;
PARK_RioGallego.VoltageT;FLOAT;OPC_QUALITY_OUT_OF_SERVICE;
PARK_RioGallego.WindSpeed;FLOAT;OPC_QUALITY_OUT_OF_SERVICE;
PARK_RioGallego.WindDirection;FLOAT;OPC_QUALITY_OUT_OF_SERVICE;
PARK_RioGallego.Temperature;FLOAT;OPC_QUALITY_OUT_OF_SERVICE;
PARK_RioGallego.SetpointApplied;FLOAT;OPC_QUALITY_OUT_OF_SERVICE;
PARK_RioGallego.SetpointRequest;FLOAT;OPC_QUALITY_OUT_OF_SERVICE;
PARK_RioGallego.CECOELSetpointReceived;FLOAT;OPC_QUALITY_OUT_OF_SERVICE;
PARK_RioGallego.CECOELSetpointMotive;FLOAT;OPC_QUALITY_OUT_OF_SERVICE;
PARK_RioGallego.CECORESetpointReceived;FLOAT;OPC_QUALITY_OUT_OF_SERVICE;
PARK_RioGallego.CECORESetpointMotive;FLOAT;OPC_QUALITY_OUT_OF_SERVICE;
PARK_RioGallego.CECORERoleReceived;FLOAT;OPC_QUALITY_OUT_OF_SERVICE;
PARK_RioGallego.ProduciblePower;FLOAT;OPC_QUALITY_OUT_OF_SERVICE;
PARK_RioGallego.H1Energy;FLOAT;OPC_QUALITY_OUT_OF_SERVICE;
PARK_RioGallego.H2Energy;FLOAT;OPC_QUALITY_OUT_OF_SERVICE;
PARK_RioGallego.H3Energy;FLOAT;OPC_QUALITY_OUT_OF_SERVICE;
PARK_RioGallego.H4Energy;FLOAT;OPC_QUALITY_OUT_OF_SERVICE;
PARK_RioGallego.RemainingTime;FLOAT;OPC_QUALITY_OUT_OF_SERVICE;
PARK_RioGallego.ActivePowerAds;FLOAT;OPC_QUALITY_OUT_OF_SERVICE;
PARK_RioGallego.GridConnection;FLOAT;OPC_QUALITY_OUT_OF_SERVICE;2
PARK_RioGallego.CircuitClosed;BOOL;OPC_QUALITY_OUT_OF_SERVICE;TRUE
PARK_RioGallego.Auxiliar1;FLOAT;OPC_QUALITY_OUT_OF_SERVICE;
PARK_RioGallego.Auxiliar2;FLOAT;OPC_QUALITY_OUT_OF_SERVICE;
PARK_RioGallego.Auxiliar3;FLOAT;OPC_QUALITY_OUT_OF_SERVICE;
PARK_RioGallego.Auxiliar4;FLOAT;OPC_QUALITY_OUT_OF_SERVICE;
PARK_RioGallego.Auxiliar5;FLOAT;OPC_QUALITY_OUT_OF_SERVICE;
PARK_RioGallego.CosPhi;FLOAT;OPC_QUALITY_GOOD;
PARK_RioGallego.Energy;FLOAT;OPC_QUALITY_GOOD;
PARK_RioGallego.WeatherAlertMsg;STRING;OPC_QUALITY_GOOD;
PARK_RioGallego.WeatherAlertInfo;STRING;OPC_QUALITY_GOOD;
PARK_RioGallego.EnergyFuture;FLOAT;OPC_QUALITY_GOOD;
PARK_RioGallego.EstimatedEnergy;FLOAT;OPC_QUALITY_GOOD;
PARK_RioGallego.LimitationEnergy;FLOAT;OPC_QUALITY_GOOD;
PARK_RioGallego.LimitationEnergyInfo;STRING;OPC_QUALITY_GOOD;
PARK_RioGallego.ASAssignStatus;STRING;OPC_QUALITY_GOOD;
PARK_RioGallego.ASLimitStatus;STRING;OPC_QUALITY_GOOD;
PARK_RioGallego.SetpointReference;FLOAT;OPC_QUALITY_GOOD;41000
PARK_Grisel.Active;BOOL;OPC_QUALITY_OUT_OF_SERVICE;TRUE
PARK_Grisel.NominalPower;FLOAT;OPC_QUALITY_GOOD;16500
PARK_Grisel.ActivePower;FLOAT;OPC_QUALITY_OUT_OF_SERVICE;
PARK_Grisel.ReactivePower;FLOAT;OPC_QUALITY_OUT_OF_SERVICE;
PARK_Grisel.Current;FLOAT;OPC_QUALITY_OUT_OF_SERVICE;
PARK_Grisel.VoltageR;FLOAT;OPC_QUALITY_OUT_OF_SERVICE;
PARK_Grisel.VoltageS;FLOAT;OPC_QUALITY_OUT_OF_SERVICE;
PARK_Grisel.VoltageT;FLOAT;OPC_QUALITY_OUT_OF_SERVICE;
PARK_Grisel.WindSpeed;FLOAT;OPC_QUALITY_OUT_OF_SERVICE;
PARK_Grisel.WindDirection;FLOAT;OPC_QUALITY_OUT_OF_SERVICE;
PARK_Grisel.Temperature;FLOAT;OPC_QUALITY_OUT_OF_SERVICE;
PARK_Grisel.SetpointApplied;FLOAT;OPC_QUALITY_OUT_OF_SERVICE;
PARK_Grisel.SetpointRequest;FLOAT;OPC_QUALITY_OUT_OF_SERVICE;
PARK_Grisel.CECOELSetpointReceived;FLOAT;OPC_QUALITY_OUT_OF_SERVICE;
PARK_Grisel.CECOELSetpointMotive;FLOAT;OPC_QUALITY_OUT_OF_SERVICE;
PARK_Grisel.CECORESetpointReceived;FLOAT;OPC_QUALITY_OUT_OF_SERVICE;
PARK_Grisel.CECORESetpointMotive;FLOAT;OPC_QUALITY_OUT_OF_SERVICE;
PARK_Grisel.CECORERoleReceived;FLOAT;OPC_QUALITY_OUT_OF_SERVICE;
PARK_Grisel.ProduciblePower;FLOAT;OPC_QUALITY_OUT_OF_SERVICE;
PARK_Grisel.H1Energy;FLOAT;OPC_QUALITY_OUT_OF_SERVICE;
PARK_Grisel.H2Energy;FLOAT;OPC_QUALITY_OUT_OF_SERVICE;
PARK_Grisel.H3Energy;FLOAT;OPC_QUALITY_OUT_OF_SERVICE;
PARK_Grisel.H4Energy;FLOAT;OPC_QUALITY_OUT_OF_SERVICE;
PARK_Grisel.RemainingTime;FLOAT;OPC_QUALITY_OUT_OF_SERVICE;
PARK_Grisel.ActivePowerAds;FLOAT;OPC_QUALITY_OUT_OF_SERVICE;
PARK_Grisel.GridConnection;FLOAT;OPC_QUALITY_OUT_OF_SERVICE;2
PARK_Grisel.CircuitClosed;BOOL;OPC_QUALITY_OUT_OF_SERVICE;TRUE
PARK_Grisel.Auxiliar1;FLOAT;OPC_QUALITY_OUT_OF_SERVICE;
PARK_Grisel.Auxiliar2;FLOAT;OPC_QUALITY_OUT_OF_SERVICE;
PARK_Grisel.Auxiliar3;FLOAT;OPC_QUALITY_OUT_OF_SERVICE;
PARK_Grisel.Auxiliar4;FLOAT;OPC_QUALITY_OUT_OF_SERVICE;
PARK_Grisel.Auxiliar5;FLOAT;OPC_QUALITY_OUT_OF_SERVICE;
PARK_Grisel.CosPhi;FLOAT;OPC_QUALITY_GOOD;
PARK_Grisel.Energy;FLOAT;OPC_QUALITY_GOOD;
PARK_Grisel.WeatherAlertMsg;STRING;OPC_QUALITY_GOOD;
PARK_Grisel.WeatherAlertInfo;STRING;OPC_QUALITY_GOOD;
PARK_Grisel.EnergyFuture;FLOAT;OPC_QUALITY_GOOD;
PARK_Grisel.EstimatedEnergy;FLOAT;OPC_QUALITY_GOOD;
PARK_Grisel.LimitationEnergy;FLOAT;OPC_QUALITY_GOOD;
PARK_Grisel.LimitationEnergyInfo;STRING;OPC_QUALITY_GOOD;
PARK_Grisel.ASAssignStatus;STRING;OPC_QUALITY_GOOD;
PARK_Grisel.ASLimitStatus;STRING;OPC_QUALITY_GOOD;
PARK_Grisel.SetpointReference;FLOAT;OPC_QUALITY_GOOD;18150
PARK_AcampoArmijo.Active;BOOL;OPC_QUALITY_OUT_OF_SERVICE;TRUE
PARK_AcampoArmijo.NominalPower;FLOAT;OPC_QUALITY_GOOD;18000
PARK_AcampoArmijo.ActivePower;FLOAT;OPC_QUALITY_OUT_OF_SERVICE;
PARK_AcampoArmijo.ReactivePower;FLOAT;OPC_QUALITY_OUT_OF_SERVICE;
PARK_AcampoArmijo.Current;FLOAT;OPC_QUALITY_OUT_OF_SERVICE;
PARK_AcampoArmijo.VoltageR;FLOAT;OPC_QUALITY_OUT_OF_SERVICE;
PARK_AcampoArmijo.VoltageS;FLOAT;OPC_QUALITY_OUT_OF_SERVICE;
PARK_AcampoArmijo.VoltageT;FLOAT;OPC_QUALITY_OUT_OF_SERVICE;
PARK_AcampoArmijo.WindSpeed;FLOAT;OPC_QUALITY_OUT_OF_SERVICE;
PARK_AcampoArmijo.WindDirection;FLOAT;OPC_QUALITY_OUT_OF_SERVICE;
PARK_AcampoArmijo.Temperature;FLOAT;OPC_QUALITY_OUT_OF_SERVICE;
PARK_AcampoArmijo.SetpointApplied;FLOAT;OPC_QUALITY_OUT_OF_SERVICE;
PARK_AcampoArmijo.SetpointRequest;FLOAT;OPC_QUALITY_OUT_OF_SERVICE;
PARK_AcampoArmijo.CECOELSetpointReceived;FLOAT;OPC_QUALITY_OUT_OF_SERVICE;
PARK_AcampoArmijo.CECOELSetpointMotive;FLOAT;OPC_QUALITY_OUT_OF_SERVICE;
PARK_AcampoArmijo.CECORESetpointReceived;FLOAT;OPC_QUALITY_OUT_OF_SERVICE;
PARK_AcampoArmijo.CECORESetpointMotive;FLOAT;OPC_QUALITY_OUT_OF_SERVICE;
PARK_AcampoArmijo.CECORERoleReceived;FLOAT;OPC_QUALITY_OUT_OF_SERVICE;
PARK_AcampoArmijo.ProduciblePower;FLOAT;OPC_QUALITY_OUT_OF_SERVICE;
PARK_AcampoArmijo.H1Energy;FLOAT;OPC_QUALITY_OUT_OF_SERVICE;
PARK_AcampoArmijo.H2Energy;FLOAT;OPC_QUALITY_OUT_OF_SERVICE;
PARK_AcampoArmijo.H3Energy;FLOAT;OPC_QUALITY_OUT_OF_SERVICE;
PARK_AcampoArmijo.H4Energy;FLOAT;OPC_QUALITY_OUT_OF_SERVICE;
PARK_AcampoArmijo.RemainingTime;FLOAT;OPC_QUALITY_OUT_OF_SERVICE;
PARK_AcampoArmijo.ActivePowerAds;FLOAT;OPC_QUALITY_OUT_OF_SERVICE;
PARK_AcampoArmijo.GridConnection;FLOAT;OPC_QUALITY_OUT_OF_SERVICE;2
PARK_AcampoArmijo.CircuitClosed;BOOL;OPC_QUALITY_OUT_OF_SERVICE;TRUE
PARK_AcampoArmijo.Auxiliar1;FLOAT;OPC_QUALITY_OUT_OF_SERVICE;
PARK_AcampoArmijo.Auxiliar2;FLOAT;OPC_QUALITY_OUT_OF_SERVICE;
PARK_AcampoArmijo.Auxiliar3;FLOAT;OPC_QUALITY_OUT_OF_SERVICE;
PARK_AcampoArmijo.Auxiliar4;FLOAT;OPC_QUALITY_OUT_OF_SERVICE;
PARK_AcampoArmijo.Auxiliar5;FLOAT;OPC_QUALITY_OUT_OF_SERVICE;
PARK_AcampoArmijo.CosPhi;FLOAT;OPC_QUALITY_GOOD;
PARK_AcampoArmijo.Energy;FLOAT;OPC_QUALITY_GOOD;
PARK_AcampoArmijo.WeatherAlertMsg;STRING;OPC_QUALITY_GOOD;
PARK_AcampoArmijo.WeatherAlertInfo;STRING;OPC_QUALITY_GOOD;
PARK_AcampoArmijo.EnergyFuture;FLOAT;OPC_QUALITY_GOOD;
PARK_AcampoArmijo.EstimatedEnergy;FLOAT;OPC_QUALITY_GOOD;
PARK_AcampoArmijo.LimitationEnergy;FLOAT;OPC_QUALITY_GOOD;
PARK_AcampoArmijo.LimitationEnergyInfo;STRING;OPC_QUALITY_GOOD;
PARK_AcampoArmijo.ASAssignStatus;STRING;OPC_QUALITY_GOOD;
PARK_AcampoArmijo.ASLimitStatus;STRING;OPC_QUALITY_GOOD;
PARK_AcampoArmijo.SetpointReference;FLOAT;OPC_QUALITY_GOOD;19800
PARK_BosqueAlto.Active;BOOL;OPC_QUALITY_OUT_OF_SERVICE;TRUE
PARK_BosqueAlto.NominalPower;FLOAT;OPC_QUALITY_GOOD;21750
PARK_BosqueAlto.ActivePower;FLOAT;OPC_QUALITY_OUT_OF_SERVICE;
PARK_BosqueAlto.ReactivePower;FLOAT;OPC_QUALITY_OUT_OF_SERVICE;
PARK_BosqueAlto.Current;FLOAT;OPC_QUALITY_OUT_OF_SERVICE;
PARK_BosqueAlto.VoltageR;FLOAT;OPC_QUALITY_OUT_OF_SERVICE;
PARK_BosqueAlto.VoltageS;FLOAT;OPC_QUALITY_OUT_OF_SERVICE;
PARK_BosqueAlto.VoltageT;FLOAT;OPC_QUALITY_OUT_OF_SERVICE;
PARK_BosqueAlto.WindSpeed;FLOAT;OPC_QUALITY_OUT_OF_SERVICE;
PARK_BosqueAlto.WindDirection;FLOAT;OPC_QUALITY_OUT_OF_SERVICE;
PARK_BosqueAlto.Temperature;FLOAT;OPC_QUALITY_OUT_OF_SERVICE;
PARK_BosqueAlto.SetpointApplied;FLOAT;OPC_QUALITY_OUT_OF_SERVICE;
PARK_BosqueAlto.SetpointRequest;FLOAT;OPC_QUALITY_OUT_OF_SERVICE;
PARK_BosqueAlto.CECOELSetpointReceived;FLOAT;OPC_QUALITY_OUT_OF_SERVICE;
PARK_BosqueAlto.CECOELSetpointMotive;FLOAT;OPC_QUALITY_OUT_OF_SERVICE;
PARK_BosqueAlto.CECORESetpointReceived;FLOAT;OPC_QUALITY_OUT_OF_SERVICE;
PARK_BosqueAlto.CECORESetpointMotive;FLOAT;OPC_QUALITY_OUT_OF_SERVICE;
PARK_BosqueAlto.CECORERoleReceived;FLOAT;OPC_QUALITY_OUT_OF_SERVICE;
PARK_BosqueAlto.ProduciblePower;FLOAT;OPC_QUALITY_OUT_OF_SERVICE;
PARK_BosqueAlto.H1Energy;FLOAT;OPC_QUALITY_OUT_OF_SERVICE;
PARK_BosqueAlto.H2Energy;FLOAT;OPC_QUALITY_OUT_OF_SERVICE;
PARK_BosqueAlto.H3Energy;FLOAT;OPC_QUALITY_OUT_OF_SERVICE;
PARK_BosqueAlto.H4Energy;FLOAT;OPC_QUALITY_OUT_OF_SERVICE;
PARK_BosqueAlto.RemainingTime;FLOAT;OPC_QUALITY_OUT_OF_SERVICE;
PARK_BosqueAlto.ActivePowerAds;FLOAT;OPC_QUALITY_OUT_OF_SERVICE;
PARK_BosqueAlto.GridConnection;FLOAT;OPC_QUALITY_OUT_OF_SERVICE;2
PARK_BosqueAlto.CircuitClosed;BOOL;OPC_QUALITY_OUT_OF_SERVICE;TRUE
PARK_BosqueAlto.Auxiliar1;FLOAT;OPC_QUALITY_OUT_OF_SERVICE;
PARK_BosqueAlto.Auxiliar2;FLOAT;OPC_QUALITY_OUT_OF_SERVICE;
PARK_BosqueAlto.Auxiliar3;FLOAT;OPC_QUALITY_OUT_OF_SERVICE;
PARK_BosqueAlto.Auxiliar4;FLOAT;OPC_QUALITY_OUT_OF_SERVICE;
PARK_BosqueAlto.Auxiliar5;FLOAT;OPC_QUALITY_OUT_OF_SERVICE;
PARK_BosqueAlto.CosPhi;FLOAT;OPC_QUALITY_GOOD;
PARK_BosqueAlto.Energy;FLOAT;OPC_QUALITY_GOOD;
PARK_BosqueAlto.WeatherAlertMsg;STRING;OPC_QUALITY_GOOD;
PARK_BosqueAlto.WeatherAlertInfo;STRING;OPC_QUALITY_GOOD;
PARK_BosqueAlto.EnergyFuture;FLOAT;OPC_QUALITY_GOOD;
PARK_BosqueAlto.EstimatedEnergy;FLOAT;OPC_QUALITY_GOOD;
PARK_BosqueAlto.LimitationEnergy;FLOAT;OPC_QUALITY_GOOD;
PARK_BosqueAlto.LimitationEnergyInfo;STRING;OPC_QUALITY_GOOD;
PARK_BosqueAlto.ASAssignStatus;STRING;OPC_QUALITY_GOOD;
PARK_BosqueAlto.ASLimitStatus;STRING;OPC_QUALITY_GOOD;
PARK_BosqueAlto.SetpointReference;FLOAT;OPC_QUALITY_GOOD;23850
PARK_LosLabrados.Active;BOOL;OPC_QUALITY_OUT_OF_SERVICE;TRUE
PARK_LosLabrados.NominalPower;FLOAT;OPC_QUALITY_GOOD;24000
PARK_LosLabrados.ActivePower;FLOAT;OPC_QUALITY_OUT_OF_SERVICE;
PARK_LosLabrados.ReactivePower;FLOAT;OPC_QUALITY_OUT_OF_SERVICE;
PARK_LosLabrados.Current;FLOAT;OPC_QUALITY_OUT_OF_SERVICE;
PARK_LosLabrados.VoltageR;FLOAT;OPC_QUALITY_OUT_OF_SERVICE;
PARK_LosLabrados.VoltageS;FLOAT;OPC_QUALITY_OUT_OF_SERVICE;
PARK_LosLabrados.VoltageT;FLOAT;OPC_QUALITY_OUT_OF_SERVICE;
PARK_LosLabrados.WindSpeed;FLOAT;OPC_QUALITY_OUT_OF_SERVICE;
PARK_LosLabrados.WindDirection;FLOAT;OPC_QUALITY_OUT_OF_SERVICE;
PARK_LosLabrados.Temperature;FLOAT;OPC_QUALITY_OUT_OF_SERVICE;
PARK_LosLabrados.SetpointApplied;FLOAT;OPC_QUALITY_OUT_OF_SERVICE;
PARK_LosLabrados.SetpointRequest;FLOAT;OPC_QUALITY_OUT_OF_SERVICE;
PARK_LosLabrados.CECOELSetpointReceived;FLOAT;OPC_QUALITY_OUT_OF_SERVICE;
PARK_LosLabrados.CECOELSetpointMotive;FLOAT;OPC_QUALITY_OUT_OF_SERVICE;
PARK_LosLabrados.CECORESetpointReceived;FLOAT;OPC_QUALITY_OUT_OF_SERVICE;
PARK_LosLabrados.CECORESetpointMotive;FLOAT;OPC_QUALITY_OUT_OF_SERVICE;
PARK_LosLabrados.CECORERoleReceived;FLOAT;OPC_QUALITY_OUT_OF_SERVICE;
PARK_LosLabrados.ProduciblePower;FLOAT;OPC_QUALITY_OUT_OF_SERVICE;
PARK_LosLabrados.H1Energy;FLOAT;OPC_QUALITY_OUT_OF_SERVICE;
PARK_LosLabrados.H2Energy;FLOAT;OPC_QUALITY_OUT_OF_SERVICE;
PARK_LosLabrados.H3Energy;FLOAT;OPC_QUALITY_OUT_OF_SERVICE;
PARK_LosLabrados.H4Energy;FLOAT;OPC_QUALITY_OUT_OF_SERVICE;
PARK_LosLabrados.RemainingTime;FLOAT;OPC_QUALITY_OUT_OF_SERVICE;
PARK_LosLabrados.ActivePowerAds;FLOAT;OPC_QUALITY_OUT_OF_SERVICE;
PARK_LosLabrados.GridConnection;FLOAT;OPC_QUALITY_OUT_OF_SERVICE;2
PARK_LosLabrados.CircuitClosed;BOOL;OPC_QUALITY_OUT_OF_SERVICE;TRUE
PARK_LosLabrados.Auxiliar1;FLOAT;OPC_QUALITY_OUT_OF_SERVICE;
PARK_LosLabrados.Auxiliar2;FLOAT;OPC_QUALITY_OUT_OF_SERVICE;
PARK_LosLabrados.Auxiliar3;FLOAT;OPC_QUALITY_OUT_OF_SERVICE;
PARK_LosLabrados.Auxiliar4;FLOAT;OPC_QUALITY_OUT_OF_SERVICE;
PARK_LosLabrados.Auxiliar5;FLOAT;OPC_QUALITY_OUT_OF_SERVICE;
PARK_LosLabrados.CosPhi;FLOAT;OPC_QUALITY_GOOD;
PARK_LosLabrados.Energy;FLOAT;OPC_QUALITY_GOOD;
PARK_LosLabrados.WeatherAlertMsg;STRING;OPC_QUALITY_GOOD;
PARK_LosLabrados.WeatherAlertInfo;STRING;OPC_QUALITY_GOOD;
PARK_LosLabrados.EnergyFuture;FLOAT;OPC_QUALITY_GOOD;
PARK_LosLabrados.EstimatedEnergy;FLOAT;OPC_QUALITY_GOOD;
PARK_LosLabrados.LimitationEnergy;FLOAT;OPC_QUALITY_GOOD;
PARK_LosLabrados.LimitationEnergyInfo;STRING;OPC_QUALITY_GOOD;
PARK_LosLabrados.ASAssignStatus;STRING;OPC_QUALITY_GOOD;
PARK_LosLabrados.ASLimitStatus;STRING;OPC_QUALITY_GOOD;
PARK_LosLabrados.SetpointReference;FLOAT;OPC_QUALITY_GOOD;26400
PARK_PlanaDeLaBalsa.Active;BOOL;OPC_QUALITY_OUT_OF_SERVICE;TRUE
PARK_PlanaDeLaBalsa.NominalPower;FLOAT;OPC_QUALITY_GOOD;24000
PARK_PlanaDeLaBalsa.ActivePower;FLOAT;OPC_QUALITY_OUT_OF_SERVICE;
PARK_PlanaDeLaBalsa.ReactivePower;FLOAT;OPC_QUALITY_OUT_OF_SERVICE;
PARK_PlanaDeLaBalsa.Current;FLOAT;OPC_QUALITY_OUT_OF_SERVICE;
PARK_PlanaDeLaBalsa.VoltageR;FLOAT;OPC_QUALITY_OUT_OF_SERVICE;
PARK_PlanaDeLaBalsa.VoltageS;FLOAT;OPC_QUALITY_OUT_OF_SERVICE;
PARK_PlanaDeLaBalsa.VoltageT;FLOAT;OPC_QUALITY_OUT_OF_SERVICE;
PARK_PlanaDeLaBalsa.WindSpeed;FLOAT;OPC_QUALITY_OUT_OF_SERVICE;
PARK_PlanaDeLaBalsa.WindDirection;FLOAT;OPC_QUALITY_OUT_OF_SERVICE;
PARK_PlanaDeLaBalsa.Temperature;FLOAT;OPC_QUALITY_OUT_OF_SERVICE;
PARK_PlanaDeLaBalsa.SetpointApplied;FLOAT;OPC_QUALITY_OUT_OF_SERVICE;
PARK_PlanaDeLaBalsa.SetpointRequest;FLOAT;OPC_QUALITY_OUT_OF_SERVICE;
PARK_PlanaDeLaBalsa.CECOELSetpointReceived;FLOAT;OPC_QUALITY_OUT_OF_SERVICE;
PARK_PlanaDeLaBalsa.CECOELSetpointMotive;FLOAT;OPC_QUALITY_OUT_OF_SERVICE;
PARK_PlanaDeLaBalsa.CECORESetpointReceived;FLOAT;OPC_QUALITY_OUT_OF_SERVICE;
PARK_PlanaDeLaBalsa.CECORESetpointMotive;FLOAT;OPC_QUALITY_OUT_OF_SERVICE;
PARK_PlanaDeLaBalsa.CECORERoleReceived;FLOAT;OPC_QUALITY_OUT_OF_SERVICE;
PARK_PlanaDeLaBalsa.ProduciblePower;FLOAT;OPC_QUALITY_OUT_OF_SERVICE;
PARK_PlanaDeLaBalsa.H1Energy;FLOAT;OPC_QUALITY_OUT_OF_SERVICE;
PARK_PlanaDeLaBalsa.H2Energy;FLOAT;OPC_QUALITY_OUT_OF_SERVICE;
PARK_PlanaDeLaBalsa.H3Energy;FLOAT;OPC_QUALITY_OUT_OF_SERVICE;
PARK_PlanaDeLaBalsa.H4Energy;FLOAT;OPC_QUALITY_OUT_OF_SERVICE;
PARK_PlanaDeLaBalsa.RemainingTime;FLOAT;OPC_QUALITY_OUT_OF_SERVICE;
PARK_PlanaDeLaBalsa.ActivePowerAds;FLOAT;OPC_QUALITY_OUT_OF_SERVICE;
PARK_PlanaDeLaBalsa.GridConnection;FLOAT;OPC_QUALITY_OUT_OF_SERVICE;2
PARK_PlanaDeLaBalsa.CircuitClosed;BOOL;OPC_QUALITY_OUT_OF_SERVICE;TRUE
PARK_PlanaDeLaBalsa.Auxiliar1;FLOAT;OPC_QUALITY_OUT_OF_SERVICE;
PARK_PlanaDeLaBalsa.Auxiliar2;FLOAT;OPC_QUALITY_OUT_OF_SERVICE;
PARK_PlanaDeLaBalsa.Auxiliar3;FLOAT;OPC_QUALITY_OUT_OF_SERVICE;
PARK_PlanaDeLaBalsa.Auxiliar4;FLOAT;OPC_QUALITY_OUT_OF_SERVICE;
PARK_PlanaDeLaBalsa.Auxiliar5;FLOAT;OPC_QUALITY_OUT_OF_SERVICE;
PARK_PlanaDeLaBalsa.CosPhi;FLOAT;OPC_QUALITY_GOOD;
PARK_PlanaDeLaBalsa.Energy;FLOAT;OPC_QUALITY_GOOD;
PARK_PlanaDeLaBalsa.WeatherAlertMsg;STRING;OPC_QUALITY_GOOD;
PARK_PlanaDeLaBalsa.WeatherAlertInfo;STRING;OPC_QUALITY_GOOD;
PARK_PlanaDeLaBalsa.EnergyFuture;FLOAT;OPC_QUALITY_GOOD;
PARK_PlanaDeLaBalsa.EstimatedEnergy;FLOAT;OPC_QUALITY_GOOD;
PARK_PlanaDeLaBalsa.LimitationEnergy;FLOAT;OPC_QUALITY_GOOD;
PARK_PlanaDeLaBalsa.LimitationEnergyInfo;STRING;OPC_QUALITY_GOOD;
PARK_PlanaDeLaBalsa.ASAssignStatus;STRING;OPC_QUALITY_GOOD;
PARK_PlanaDeLaBalsa.ASLimitStatus;STRING;OPC_QUALITY_GOOD;
PARK_PlanaDeLaBalsa.SetpointReference;FLOAT;OPC_QUALITY_GOOD;26400
PARK_PlanaDeMaria.Active;BOOL;OPC_QUALITY_OUT_OF_SERVICE;TRUE
PARK_PlanaDeMaria.NominalPower;FLOAT;OPC_QUALITY_GOOD;24000
PARK_PlanaDeMaria.ActivePower;FLOAT;OPC_QUALITY_OUT_OF_SERVICE;
PARK_PlanaDeMaria.ReactivePower;FLOAT;OPC_QUALITY_OUT_OF_SERVICE;
PARK_PlanaDeMaria.Current;FLOAT;OPC_QUALITY_OUT_OF_SERVICE;
PARK_PlanaDeMaria.VoltageR;FLOAT;OPC_QUALITY_OUT_OF_SERVICE;
PARK_PlanaDeMaria.VoltageS;FLOAT;OPC_QUALITY_OUT_OF_SERVICE;
PARK_PlanaDeMaria.VoltageT;FLOAT;OPC_QUALITY_OUT_OF_SERVICE;
PARK_PlanaDeMaria.WindSpeed;FLOAT;OPC_QUALITY_OUT_OF_SERVICE;
PARK_PlanaDeMaria.WindDirection;FLOAT;OPC_QUALITY_OUT_OF_SERVICE;
PARK_PlanaDeMaria.Temperature;FLOAT;OPC_QUALITY_OUT_OF_SERVICE;
PARK_PlanaDeMaria.SetpointApplied;FLOAT;OPC_QUALITY_OUT_OF_SERVICE;
PARK_PlanaDeMaria.SetpointRequest;FLOAT;OPC_QUALITY_OUT_OF_SERVICE;
PARK_PlanaDeMaria.CECOELSetpointReceived;FLOAT;OPC_QUALITY_OUT_OF_SERVICE;
PARK_PlanaDeMaria.CECOELSetpointMotive;FLOAT;OPC_QUALITY_OUT_OF_SERVICE;
PARK_PlanaDeMaria.CECORESetpointReceived;FLOAT;OPC_QUALITY_OUT_OF_SERVICE;
PARK_PlanaDeMaria.CECORESetpointMotive;FLOAT;OPC_QUALITY_OUT_OF_SERVICE;
PARK_PlanaDeMaria.CECORERoleReceived;FLOAT;OPC_QUALITY_OUT_OF_SERVICE;
PARK_PlanaDeMaria.ProduciblePower;FLOAT;OPC_QUALITY_OUT_OF_SERVICE;
PARK_PlanaDeMaria.H1Energy;FLOAT;OPC_QUALITY_OUT_OF_SERVICE;
PARK_PlanaDeMaria.H2Energy;FLOAT;OPC_QUALITY_OUT_OF_SERVICE;
PARK_PlanaDeMaria.H3Energy;FLOAT;OPC_QUALITY_OUT_OF_SERVICE;
PARK_PlanaDeMaria.H4Energy;FLOAT;OPC_QUALITY_OUT_OF_SERVICE;
PARK_PlanaDeMaria.RemainingTime;FLOAT;OPC_QUALITY_OUT_OF_SERVICE;
PARK_PlanaDeMaria.ActivePowerAds;FLOAT;OPC_QUALITY_OUT_OF_SERVICE;
PARK_PlanaDeMaria.GridConnection;FLOAT;OPC_QUALITY_OUT_OF_SERVICE;2
PARK_PlanaDeMaria.CircuitClosed;BOOL;OPC_QUALITY_OUT_OF_SERVICE;TRUE
PARK_PlanaDeMaria.Auxiliar1;FLOAT;OPC_QUALITY_OUT_OF_SERVICE;
PARK_PlanaDeMaria.Auxiliar2;FLOAT;OPC_QUALITY_OUT_OF_SERVICE;
PARK_PlanaDeMaria.Auxiliar3;FLOAT;OPC_QUALITY_OUT_OF_SERVICE;
PARK_PlanaDeMaria.Auxiliar4;FLOAT;OPC_QUALITY_OUT_OF_SERVICE;
PARK_PlanaDeMaria.Auxiliar5;FLOAT;OPC_QUALITY_OUT_OF_SERVICE;
PARK_PlanaDeMaria.CosPhi;FLOAT;OPC_QUALITY_GOOD;
PARK_PlanaDeMaria.Energy;FLOAT;OPC_QUALITY_GOOD;
PARK_PlanaDeMaria.WeatherAlertMsg;STRING;OPC_QUALITY_GOOD;
PARK_PlanaDeMaria.WeatherAlertInfo;STRING;OPC_QUALITY_GOOD;
PARK_PlanaDeMaria.EnergyFuture;FLOAT;OPC_QUALITY_GOOD;
PARK_PlanaDeMaria.EstimatedEnergy;FLOAT;OPC_QUALITY_GOOD;
PARK_PlanaDeMaria.LimitationEnergy;FLOAT;OPC_QUALITY_GOOD;
PARK_PlanaDeMaria.LimitationEnergyInfo;STRING;OPC_QUALITY_GOOD;
PARK_PlanaDeMaria.ASAssignStatus;STRING;OPC_QUALITY_GOOD;
PARK_PlanaDeMaria.ASLimitStatus;STRING;OPC_QUALITY_GOOD;
PARK_PlanaDeMaria.SetpointReference;FLOAT;OPC_QUALITY_GOOD;26400
PARK_PlanaDeZaragoza.Active;BOOL;OPC_QUALITY_OUT_OF_SERVICE;TRUE
PARK_PlanaDeZaragoza.NominalPower;FLOAT;OPC_QUALITY_GOOD;24000
PARK_PlanaDeZaragoza.ActivePower;FLOAT;OPC_QUALITY_OUT_OF_SERVICE;
PARK_PlanaDeZaragoza.ReactivePower;FLOAT;OPC_QUALITY_OUT_OF_SERVICE;
PARK_PlanaDeZaragoza.Current;FLOAT;OPC_QUALITY_OUT_OF_SERVICE;
PARK_PlanaDeZaragoza.VoltageR;FLOAT;OPC_QUALITY_OUT_OF_SERVICE;
PARK_PlanaDeZaragoza.VoltageS;FLOAT;OPC_QUALITY_OUT_OF_SERVICE;
PARK_PlanaDeZaragoza.VoltageT;FLOAT;OPC_QUALITY_OUT_OF_SERVICE;
PARK_PlanaDeZaragoza.WindSpeed;FLOAT;OPC_QUALITY_OUT_OF_SERVICE;
PARK_PlanaDeZaragoza.WindDirection;FLOAT;OPC_QUALITY_OUT_OF_SERVICE;
PARK_PlanaDeZaragoza.Temperature;FLOAT;OPC_QUALITY_OUT_OF_SERVICE;
PARK_PlanaDeZaragoza.SetpointApplied;FLOAT;OPC_QUALITY_OUT_OF_SERVICE;
PARK_PlanaDeZaragoza.SetpointRequest;FLOAT;OPC_QUALITY_OUT_OF_SERVICE;
PARK_PlanaDeZaragoza.CECOELSetpointReceived;FLOAT;OPC_QUALITY_OUT_OF_SERVICE;
PARK_PlanaDeZaragoza.CECOELSetpointMotive;FLOAT;OPC_QUALITY_OUT_OF_SERVICE;
PARK_PlanaDeZaragoza.CECORESetpointReceived;FLOAT;OPC_QUALITY_OUT_OF_SERVICE;
PARK_PlanaDeZaragoza.CECORESetpointMotive;FLOAT;OPC_QUALITY_OUT_OF_SERVICE;
PARK_PlanaDeZaragoza.CECORERoleReceived;FLOAT;OPC_QUALITY_OUT_OF_SERVICE;
PARK_PlanaDeZaragoza.ProduciblePower;FLOAT;OPC_QUALITY_OUT_OF_SERVICE;
PARK_PlanaDeZaragoza.H1Energy;FLOAT;OPC_QUALITY_OUT_OF_SERVICE;
PARK_PlanaDeZaragoza.H2Energy;FLOAT;OPC_QUALITY_OUT_OF_SERVICE;
PARK_PlanaDeZaragoza.H3Energy;FLOAT;OPC_QUALITY_OUT_OF_SERVICE;
PARK_PlanaDeZaragoza.H4Energy;FLOAT;OPC_QUALITY_OUT_OF_SERVICE;
PARK_PlanaDeZaragoza.RemainingTime;FLOAT;OPC_QUALITY_OUT_OF_SERVICE;
PARK_PlanaDeZaragoza.ActivePowerAds;FLOAT;OPC_QUALITY_OUT_OF_SERVICE;
PARK_PlanaDeZaragoza.GridConnection;FLOAT;OPC_QUALITY_OUT_OF_SERVICE;2
PARK_PlanaDeZaragoza.CircuitClosed;BOOL;OPC_QUALITY_OUT_OF_SERVICE;TRUE
PARK_PlanaDeZaragoza.Auxiliar1;FLOAT;OPC_QUALITY_OUT_OF_SERVICE;
PARK_PlanaDeZaragoza.Auxiliar2;FLOAT;OPC_QUALITY_OUT_OF_SERVICE;
PARK_PlanaDeZaragoza.Auxiliar3;FLOAT;OPC_QUALITY_OUT_OF_SERVICE;
PARK_PlanaDeZaragoza.Auxiliar4;FLOAT;OPC_QUALITY_OUT_OF_SERVICE;
PARK_PlanaDeZaragoza.Auxiliar5;FLOAT;OPC_QUALITY_OUT_OF_SERVICE;
PARK_PlanaDeZaragoza.CosPhi;FLOAT;OPC_QUALITY_GOOD;
PARK_PlanaDeZaragoza.Energy;FLOAT;OPC_QUALITY_GOOD;
PARK_PlanaDeZaragoza.WeatherAlertMsg;STRING;OPC_QUALITY_GOOD;
PARK_PlanaDeZaragoza.WeatherAlertInfo;STRING;OPC_QUALITY_GOOD;
PARK_PlanaDeZaragoza.EnergyFuture;FLOAT;OPC_QUALITY_GOOD;
PARK_PlanaDeZaragoza.EstimatedEnergy;FLOAT;OPC_QUALITY_GOOD;
PARK_PlanaDeZaragoza.LimitationEnergy;FLOAT;OPC_QUALITY_GOOD;
PARK_PlanaDeZaragoza.LimitationEnergyInfo;STRING;OPC_QUALITY_GOOD;
PARK_PlanaDeZaragoza.ASAssignStatus;STRING;OPC_QUALITY_GOOD;
PARK_PlanaDeZaragoza.ASLimitStatus;STRING;OPC_QUALITY_GOOD;
PARK_PlanaDeZaragoza.SetpointReference;FLOAT;OPC_QUALITY_GOOD;26400
PARK_Muel.Active;BOOL;OPC_QUALITY_OUT_OF_SERVICE;TRUE
PARK_Muel.NominalPower;FLOAT;OPC_QUALITY_GOOD;16200
PARK_Muel.ActivePower;FLOAT;OPC_QUALITY_OUT_OF_SERVICE;
PARK_Muel.ReactivePower;FLOAT;OPC_QUALITY_OUT_OF_SERVICE;
PARK_Muel.Current;FLOAT;OPC_QUALITY_OUT_OF_SERVICE;
PARK_Muel.VoltageR;FLOAT;OPC_QUALITY_OUT_OF_SERVICE;
PARK_Muel.VoltageS;FLOAT;OPC_QUALITY_OUT_OF_SERVICE;
PARK_Muel.VoltageT;FLOAT;OPC_QUALITY_OUT_OF_SERVICE;
PARK_Muel.WindSpeed;FLOAT;OPC_QUALITY_OUT_OF_SERVICE;
PARK_Muel.WindDirection;FLOAT;OPC_QUALITY_OUT_OF_SERVICE;
PARK_Muel.Temperature;FLOAT;OPC_QUALITY_OUT_OF_SERVICE;
PARK_Muel.SetpointApplied;FLOAT;OPC_QUALITY_OUT_OF_SERVICE;
PARK_Muel.SetpointRequest;FLOAT;OPC_QUALITY_OUT_OF_SERVICE;
PARK_Muel.CECOELSetpointReceived;FLOAT;OPC_QUALITY_OUT_OF_SERVICE;
PARK_Muel.CECOELSetpointMotive;FLOAT;OPC_QUALITY_OUT_OF_SERVICE;
PARK_Muel.CECORESetpointReceived;FLOAT;OPC_QUALITY_OUT_OF_SERVICE;
PARK_Muel.CECORESetpointMotive;FLOAT;OPC_QUALITY_OUT_OF_SERVICE;
PARK_Muel.CECORERoleReceived;FLOAT;OPC_QUALITY_OUT_OF_SERVICE;
PARK_Muel.ProduciblePower;FLOAT;OPC_QUALITY_OUT_OF_SERVICE;
PARK_Muel.H1Energy;FLOAT;OPC_QUALITY_OUT_OF_SERVICE;
PARK_Muel.H2Energy;FLOAT;OPC_QUALITY_OUT_OF_SERVICE;
PARK_Muel.H3Energy;FLOAT;OPC_QUALITY_OUT_OF_SERVICE;
PARK_Muel.H4Energy;FLOAT;OPC_QUALITY_OUT_OF_SERVICE;
PARK_Muel.RemainingTime;FLOAT;OPC_QUALITY_OUT_OF_SERVICE;
PARK_Muel.ActivePowerAds;FLOAT;OPC_QUALITY_OUT_OF_SERVICE;
PARK_Muel.GridConnection;FLOAT;OPC_QUALITY_OUT_OF_SERVICE;2
PARK_Muel.CircuitClosed;BOOL;OPC_QUALITY_OUT_OF_SERVICE;TRUE
PARK_Muel.Auxiliar1;FLOAT;OPC_QUALITY_OUT_OF_SERVICE;
PARK_Muel.Auxiliar2;FLOAT;OPC_QUALITY_OUT_OF_SERVICE;
PARK_Muel.Auxiliar3;FLOAT;OPC_QUALITY_OUT_OF_SERVICE;
PARK_Muel.Auxiliar4;FLOAT;OPC_QUALITY_OUT_OF_SERVICE;
PARK_Muel.Auxiliar5;FLOAT;OPC_QUALITY_OUT_OF_SERVICE;
PARK_Muel.CosPhi;FLOAT;OPC_QUALITY_GOOD;
PARK_Muel.Energy;FLOAT;OPC_QUALITY_GOOD;
PARK_Muel.WeatherAlertMsg;STRING;OPC_QUALITY_GOOD;
PARK_Muel.WeatherAlertInfo;STRING;OPC_QUALITY_GOOD;
PARK_Muel.EnergyFuture;FLOAT;OPC_QUALITY_GOOD;
PARK_Muel.EstimatedEnergy;FLOAT;OPC_QUALITY_GOOD;
PARK_Muel.LimitationEnergy;FLOAT;OPC_QUALITY_GOOD;
PARK_Muel.LimitationEnergyInfo;STRING;OPC_QUALITY_GOOD;
PARK_Muel.ASAssignStatus;STRING;OPC_QUALITY_GOOD;
PARK_Muel.ASLimitStatus;STRING;OPC_QUALITY_GOOD;
PARK_Muel.SetpointReference;FLOAT;OPC_QUALITY_GOOD;17800
PARK_Lanternoso.Active;BOOL;OPC_QUALITY_OUT_OF_SERVICE;TRUE
PARK_Lanternoso.NominalPower;FLOAT;OPC_QUALITY_GOOD;24000
PARK_Lanternoso.ActivePower;FLOAT;OPC_QUALITY_OUT_OF_SERVICE;
PARK_Lanternoso.ReactivePower;FLOAT;OPC_QUALITY_OUT_OF_SERVICE;
PARK_Lanternoso.Current;FLOAT;OPC_QUALITY_OUT_OF_SERVICE;
PARK_Lanternoso.VoltageR;FLOAT;OPC_QUALITY_OUT_OF_SERVICE;
PARK_Lanternoso.VoltageS;FLOAT;OPC_QUALITY_OUT_OF_SERVICE;
PARK_Lanternoso.VoltageT;FLOAT;OPC_QUALITY_OUT_OF_SERVICE;
PARK_Lanternoso.WindSpeed;FLOAT;OPC_QUALITY_OUT_OF_SERVICE;
PARK_Lanternoso.WindDirection;FLOAT;OPC_QUALITY_OUT_OF_SERVICE;
PARK_Lanternoso.Temperature;FLOAT;OPC_QUALITY_OUT_OF_SERVICE;
PARK_Lanternoso.SetpointApplied;FLOAT;OPC_QUALITY_OUT_OF_SERVICE;
PARK_Lanternoso.SetpointRequest;FLOAT;OPC_QUALITY_OUT_OF_SERVICE;
PARK_Lanternoso.CECOELSetpointReceived;FLOAT;OPC_QUALITY_OUT_OF_SERVICE;
PARK_Lanternoso.CECOELSetpointMotive;FLOAT;OPC_QUALITY_OUT_OF_SERVICE;
PARK_Lanternoso.CECORESetpointReceived;FLOAT;OPC_QUALITY_OUT_OF_SERVICE;
PARK_Lanternoso.CECORESetpointMotive;FLOAT;OPC_QUALITY_OUT_OF_SERVICE;
PARK_Lanternoso.CECORERoleReceived;FLOAT;OPC_QUALITY_OUT_OF_SERVICE;
PARK_Lanternoso.ProduciblePower;FLOAT;OPC_QUALITY_OUT_OF_SERVICE;
PARK_Lanternoso.H1Energy;FLOAT;OPC_QUALITY_OUT_OF_SERVICE;
PARK_Lanternoso.H2Energy;FLOAT;OPC_QUALITY_OUT_OF_SERVICE;
PARK_Lanternoso.H3Energy;FLOAT;OPC_QUALITY_OUT_OF_SERVICE;
PARK_Lanternoso.H4Energy;FLOAT;OPC_QUALITY_OUT_OF_SERVICE;
PARK_Lanternoso.RemainingTime;FLOAT;OPC_QUALITY_OUT_OF_SERVICE;
PARK_Lanternoso.ActivePowerAds;FLOAT;OPC_QUALITY_OUT_OF_SERVICE;
PARK_Lanternoso.GridConnection;FLOAT;OPC_QUALITY_OUT_OF_SERVICE;2
PARK_Lanternoso.CircuitClosed;BOOL;OPC_QUALITY_OUT_OF_SERVICE;TRUE
PARK_Lanternoso.Auxiliar1;FLOAT;OPC_QUALITY_OUT_OF_SERVICE;
PARK_Lanternoso.Auxiliar2;FLOAT;OPC_QUALITY_OUT_OF_SERVICE;
PARK_Lanternoso.Auxiliar3;FLOAT;OPC_QUALITY_OUT_OF_SERVICE;
PARK_Lanternoso.Auxiliar4;FLOAT;OPC_QUALITY_OUT_OF_SERVICE;
PARK_Lanternoso.Auxiliar5;FLOAT;OPC_QUALITY_OUT_OF_SERVICE;
PARK_Lanternoso.CosPhi;FLOAT;OPC_QUALITY_GOOD;
PARK_Lanternoso.Energy;FLOAT;OPC_QUALITY_GOOD;
PARK_Lanternoso.WeatherAlertMsg;STRING;OPC_QUALITY_GOOD;
PARK_Lanternoso.WeatherAlertInfo;STRING;OPC_QUALITY_GOOD;
PARK_Lanternoso.EnergyFuture;FLOAT;OPC_QUALITY_GOOD;
PARK_Lanternoso.EstimatedEnergy;FLOAT;OPC_QUALITY_GOOD;
PARK_Lanternoso.LimitationEnergy;FLOAT;OPC_QUALITY_GOOD;
PARK_Lanternoso.LimitationEnergyInfo;STRING;OPC_QUALITY_GOOD;
PARK_Lanternoso.ASAssignStatus;STRING;OPC_QUALITY_GOOD;
PARK_Lanternoso.ASLimitStatus;STRING;OPC_QUALITY_GOOD;
PARK_Lanternoso.SetpointReference;FLOAT;OPC_QUALITY_GOOD;24000
PARK_Aldehuelas.Active;BOOL;OPC_QUALITY_OUT_OF_SERVICE;TRUE
PARK_Aldehuelas.NominalPower;FLOAT;OPC_QUALITY_GOOD;47200
PARK_Aldehuelas.ActivePower;FLOAT;OPC_QUALITY_OUT_OF_SERVICE;
PARK_Aldehuelas.ReactivePower;FLOAT;OPC_QUALITY_OUT_OF_SERVICE;
PARK_Aldehuelas.Current;FLOAT;OPC_QUALITY_OUT_OF_SERVICE;
PARK_Aldehuelas.VoltageR;FLOAT;OPC_QUALITY_OUT_OF_SERVICE;
PARK_Aldehuelas.VoltageS;FLOAT;OPC_QUALITY_OUT_OF_SERVICE;
PARK_Aldehuelas.VoltageT;FLOAT;OPC_QUALITY_OUT_OF_SERVICE;
PARK_Aldehuelas.WindSpeed;FLOAT;OPC_QUALITY_OUT_OF_SERVICE;
PARK_Aldehuelas.WindDirection;FLOAT;OPC_QUALITY_OUT_OF_SERVICE;
PARK_Aldehuelas.Temperature;FLOAT;OPC_QUALITY_OUT_OF_SERVICE;
PARK_Aldehuelas.SetpointApplied;FLOAT;OPC_QUALITY_OUT_OF_SERVICE;
PARK_Aldehuelas.SetpointRequest;FLOAT;OPC_QUALITY_OUT_OF_SERVICE;
PARK_Aldehuelas.CECOELSetpointReceived;FLOAT;OPC_QUALITY_OUT_OF_SERVICE;
PARK_Aldehuelas.CECOELSetpointMotive;FLOAT;OPC_QUALITY_OUT_OF_SERVICE;
PARK_Aldehuelas.CECORESetpointReceived;FLOAT;OPC_QUALITY_OUT_OF_SERVICE;
PARK_Aldehuelas.CECORESetpointMotive;FLOAT;OPC_QUALITY_OUT_OF_SERVICE;
PARK_Aldehuelas.CECORERoleReceived;FLOAT;OPC_QUALITY_OUT_OF_SERVICE;
PARK_Aldehuelas.ProduciblePower;FLOAT;OPC_QUALITY_OUT_OF_SERVICE;
PARK_Aldehuelas.H1Energy;FLOAT;OPC_QUALITY_OUT_OF_SERVICE;
PARK_Aldehuelas.H2Energy;FLOAT;OPC_QUALITY_OUT_OF_SERVICE;
PARK_Aldehuelas.H3Energy;FLOAT;OPC_QUALITY_OUT_OF_SERVICE;
PARK_Aldehuelas.H4Energy;FLOAT;OPC_QUALITY_OUT_OF_SERVICE;
PARK_Aldehuelas.RemainingTime;FLOAT;OPC_QUALITY_OUT_OF_SERVICE;
PARK_Aldehuelas.ActivePowerAds;FLOAT;OPC_QUALITY_OUT_OF_SERVICE;
PARK_Aldehuelas.GridConnection;FLOAT;OPC_QUALITY_OUT_OF_SERVICE;2
PARK_Aldehuelas.CircuitClosed;BOOL;OPC_QUALITY_OUT_OF_SERVICE;TRUE
PARK_Aldehuelas.Auxiliar1;FLOAT;OPC_QUALITY_OUT_OF_SERVICE;
PARK_Aldehuelas.Auxiliar2;FLOAT;OPC_QUALITY_OUT_OF_SERVICE;
PARK_Aldehuelas.Auxiliar3;FLOAT;OPC_QUALITY_OUT_OF_SERVICE;
PARK_Aldehuelas.Auxiliar4;FLOAT;OPC_QUALITY_OUT_OF_SERVICE;
PARK_Aldehuelas.Auxiliar5;FLOAT;OPC_QUALITY_OUT_OF_SERVICE;
PARK_Aldehuelas.CosPhi;FLOAT;OPC_QUALITY_GOOD;
PARK_Aldehuelas.Energy;FLOAT;OPC_QUALITY_GOOD;
PARK_Aldehuelas.WeatherAlertMsg;STRING;OPC_QUALITY_GOOD;
PARK_Aldehuelas.WeatherAlertInfo;STRING;OPC_QUALITY_GOOD;
PARK_Aldehuelas.EnergyFuture;FLOAT;OPC_QUALITY_GOOD;
PARK_Aldehuelas.EstimatedEnergy;FLOAT;OPC_QUALITY_GOOD;
PARK_Aldehuelas.LimitationEnergy;FLOAT;OPC_QUALITY_GOOD;
PARK_Aldehuelas.LimitationEnergyInfo;STRING;OPC_QUALITY_GOOD;
PARK_Aldehuelas.ASAssignStatus;STRING;OPC_QUALITY_GOOD;
PARK_Aldehuelas.ASLimitStatus;STRING;OPC_QUALITY_GOOD;
PARK_Aldehuelas.SetpointReference;FLOAT;OPC_QUALITY_GOOD;51920
PARK_Urano.Active;BOOL;OPC_QUALITY_OUT_OF_SERVICE;TRUE
PARK_Urano.NominalPower;FLOAT;OPC_QUALITY_GOOD;30400
PARK_Urano.ActivePower;FLOAT;OPC_QUALITY_OUT_OF_SERVICE;
PARK_Urano.ReactivePower;FLOAT;OPC_QUALITY_OUT_OF_SERVICE;
PARK_Urano.Current;FLOAT;OPC_QUALITY_OUT_OF_SERVICE;
PARK_Urano.VoltageR;FLOAT;OPC_QUALITY_OUT_OF_SERVICE;
PARK_Urano.VoltageS;FLOAT;OPC_QUALITY_OUT_OF_SERVICE;
PARK_Urano.VoltageT;FLOAT;OPC_QUALITY_OUT_OF_SERVICE;
PARK_Urano.WindSpeed;FLOAT;OPC_QUALITY_OUT_OF_SERVICE;
PARK_Urano.WindDirection;FLOAT;OPC_QUALITY_OUT_OF_SERVICE;
PARK_Urano.Temperature;FLOAT;OPC_QUALITY_OUT_OF_SERVICE;
PARK_Urano.SetpointApplied;FLOAT;OPC_QUALITY_OUT_OF_SERVICE;
PARK_Urano.SetpointRequest;FLOAT;OPC_QUALITY_OUT_OF_SERVICE;
PARK_Urano.CECOELSetpointReceived;FLOAT;OPC_QUALITY_OUT_OF_SERVICE;
PARK_Urano.CECOELSetpointMotive;FLOAT;OPC_QUALITY_OUT_OF_SERVICE;
PARK_Urano.CECORESetpointReceived;FLOAT;OPC_QUALITY_OUT_OF_SERVICE;
PARK_Urano.CECORESetpointMotive;FLOAT;OPC_QUALITY_OUT_OF_SERVICE;
PARK_Urano.CECORERoleReceived;FLOAT;OPC_QUALITY_OUT_OF_SERVICE;
PARK_Urano.ProduciblePower;FLOAT;OPC_QUALITY_OUT_OF_SERVICE;
PARK_Urano.H1Energy;FLOAT;OPC_QUALITY_OUT_OF_SERVICE;
PARK_Urano.H2Energy;FLOAT;OPC_QUALITY_OUT_OF_SERVICE;
PARK_Urano.H3Energy;FLOAT;OPC_QUALITY_OUT_OF_SERVICE;
PARK_Urano.H4Energy;FLOAT;OPC_QUALITY_OUT_OF_SERVICE;
PARK_Urano.RemainingTime;FLOAT;OPC_QUALITY_OUT_OF_SERVICE;
PARK_Urano.ActivePowerAds;FLOAT;OPC_QUALITY_OUT_OF_SERVICE;
PARK_Urano.GridConnection;FLOAT;OPC_QUALITY_OUT_OF_SERVICE;2
PARK_Urano.CircuitClosed;BOOL;OPC_QUALITY_OUT_OF_SERVICE;TRUE
PARK_Urano.Auxiliar1;FLOAT;OPC_QUALITY_OUT_OF_SERVICE;
PARK_Urano.Auxiliar2;FLOAT;OPC_QUALITY_OUT_OF_SERVICE;
PARK_Urano.Auxiliar3;FLOAT;OPC_QUALITY_OUT_OF_SERVICE;
PARK_Urano.Auxiliar4;FLOAT;OPC_QUALITY_OUT_OF_SERVICE;
PARK_Urano.Auxiliar5;FLOAT;OPC_QUALITY_OUT_OF_SERVICE;
PARK_Urano.CosPhi;FLOAT;OPC_QUALITY_GOOD;
PARK_Urano.Energy;FLOAT;OPC_QUALITY_GOOD;
PARK_Urano.WeatherAlertMsg;STRING;OPC_QUALITY_GOOD;
PARK_Urano.WeatherAlertInfo;STRING;OPC_QUALITY_GOOD;
PARK_Urano.EnergyFuture;FLOAT;OPC_QUALITY_GOOD;
PARK_Urano.EstimatedEnergy;FLOAT;OPC_QUALITY_GOOD;
PARK_Urano.LimitationEnergy;FLOAT;OPC_QUALITY_GOOD;
PARK_Urano.LimitationEnergyInfo;STRING;OPC_QUALITY_GOOD;
PARK_Urano.ASAssignStatus;STRING;OPC_QUALITY_GOOD;
PARK_Urano.ASLimitStatus;STRING;OPC_QUALITY_GOOD;
PARK_Urano.SetpointReference;FLOAT;OPC_QUALITY_GOOD;33440
PARK_Juno.Active;BOOL;OPC_QUALITY_OUT_OF_SERVICE;TRUE
PARK_Juno.NominalPower;FLOAT;OPC_QUALITY_GOOD;49500
PARK_Juno.ActivePower;FLOAT;OPC_QUALITY_OUT_OF_SERVICE;
PARK_Juno.ReactivePower;FLOAT;OPC_QUALITY_OUT_OF_SERVICE;
PARK_Juno.Current;FLOAT;OPC_QUALITY_OUT_OF_SERVICE;
PARK_Juno.VoltageR;FLOAT;OPC_QUALITY_OUT_OF_SERVICE;
PARK_Juno.VoltageS;FLOAT;OPC_QUALITY_OUT_OF_SERVICE;
PARK_Juno.VoltageT;FLOAT;OPC_QUALITY_OUT_OF_SERVICE;
PARK_Juno.WindSpeed;FLOAT;OPC_QUALITY_OUT_OF_SERVICE;
PARK_Juno.WindDirection;FLOAT;OPC_QUALITY_OUT_OF_SERVICE;
PARK_Juno.Temperature;FLOAT;OPC_QUALITY_OUT_OF_SERVICE;
PARK_Juno.SetpointApplied;FLOAT;OPC_QUALITY_OUT_OF_SERVICE;
PARK_Juno.SetpointRequest;FLOAT;OPC_QUALITY_OUT_OF_SERVICE;
PARK_Juno.CECOELSetpointReceived;FLOAT;OPC_QUALITY_OUT_OF_SERVICE;
PARK_Juno.CECOELSetpointMotive;FLOAT;OPC_QUALITY_OUT_OF_SERVICE;
PARK_Juno.CECORESetpointReceived;FLOAT;OPC_QUALITY_OUT_OF_SERVICE;
PARK_Juno.CECORESetpointMotive;FLOAT;OPC_QUALITY_OUT_OF_SERVICE;
PARK_Juno.CECORERoleReceived;FLOAT;OPC_QUALITY_OUT_OF_SERVICE;
PARK_Juno.ProduciblePower;FLOAT;OPC_QUALITY_OUT_OF_SERVICE;
PARK_Juno.H1Energy;FLOAT;OPC_QUALITY_OUT_OF_SERVICE;
PARK_Juno.H2Energy;FLOAT;OPC_QUALITY_OUT_OF_SERVICE;
PARK_Juno.H3Energy;FLOAT;OPC_QUALITY_OUT_OF_SERVICE;
PARK_Juno.H4Energy;FLOAT;OPC_QUALITY_OUT_OF_SERVICE;
PARK_Juno.RemainingTime;FLOAT;OPC_QUALITY_OUT_OF_SERVICE;
PARK_Juno.ActivePowerAds;FLOAT;OPC_QUALITY_OUT_OF_SERVICE;
PARK_Juno.GridConnection;FLOAT;OPC_QUALITY_OUT_OF_SERVICE;2
PARK_Juno.CircuitClosed;BOOL;OPC_QUALITY_OUT_OF_SERVICE;TRUE
PARK_Juno.Auxiliar1;FLOAT;OPC_QUALITY_OUT_OF_SERVICE;
PARK_Juno.Auxiliar2;FLOAT;OPC_QUALITY_OUT_OF_SERVICE;
PARK_Juno.Auxiliar3;FLOAT;OPC_QUALITY_OUT_OF_SERVICE;
PARK_Juno.Auxiliar4;FLOAT;OPC_QUALITY_OUT_OF_SERVICE;
PARK_Juno.Auxiliar5;FLOAT;OPC_QUALITY_OUT_OF_SERVICE;
PARK_Juno.CosPhi;FLOAT;OPC_QUALITY_GOOD;
PARK_Juno.Energy;FLOAT;OPC_QUALITY_GOOD;
PARK_Juno.WeatherAlertMsg;STRING;OPC_QUALITY_GOOD;
PARK_Juno.WeatherAlertInfo;STRING;OPC_QUALITY_GOOD;
PARK_Juno.EnergyFuture;FLOAT;OPC_QUALITY_GOOD;
PARK_Juno.EstimatedEnergy;FLOAT;OPC_QUALITY_GOOD;
PARK_Juno.LimitationEnergy;FLOAT;OPC_QUALITY_GOOD;
PARK_Juno.LimitationEnergyInfo;STRING;OPC_QUALITY_GOOD;
PARK_Juno.ASAssignStatus;STRING;OPC_QUALITY_GOOD;
PARK_Juno.ASLimitStatus;STRING;OPC_QUALITY_GOOD;
PARK_Juno.SetpointReference;FLOAT;OPC_QUALITY_GOOD;54450
PARK_Luna.Active;BOOL;OPC_QUALITY_OUT_OF_SERVICE;TRUE
PARK_Luna.NominalPower;FLOAT;OPC_QUALITY_GOOD;49500
PARK_Luna.ActivePower;FLOAT;OPC_QUALITY_OUT_OF_SERVICE;
PARK_Luna.ReactivePower;FLOAT;OPC_QUALITY_OUT_OF_SERVICE;
PARK_Luna.Current;FLOAT;OPC_QUALITY_OUT_OF_SERVICE;
PARK_Luna.VoltageR;FLOAT;OPC_QUALITY_OUT_OF_SERVICE;
PARK_Luna.VoltageS;FLOAT;OPC_QUALITY_OUT_OF_SERVICE;
PARK_Luna.VoltageT;FLOAT;OPC_QUALITY_OUT_OF_SERVICE;
PARK_Luna.WindSpeed;FLOAT;OPC_QUALITY_OUT_OF_SERVICE;
PARK_Luna.WindDirection;FLOAT;OPC_QUALITY_OUT_OF_SERVICE;
PARK_Luna.Temperature;FLOAT;OPC_QUALITY_OUT_OF_SERVICE;
PARK_Luna.SetpointApplied;FLOAT;OPC_QUALITY_OUT_OF_SERVICE;
PARK_Luna.SetpointRequest;FLOAT;OPC_QUALITY_OUT_OF_SERVICE;
PARK_Luna.CECOELSetpointReceived;FLOAT;OPC_QUALITY_OUT_OF_SERVICE;
PARK_Luna.CECOELSetpointMotive;FLOAT;OPC_QUALITY_OUT_OF_SERVICE;
PARK_Luna.CECORESetpointReceived;FLOAT;OPC_QUALITY_OUT_OF_SERVICE;
PARK_Luna.CECORESetpointMotive;FLOAT;OPC_QUALITY_OUT_OF_SERVICE;
PARK_Luna.CECORERoleReceived;FLOAT;OPC_QUALITY_OUT_OF_SERVICE;
PARK_Luna.ProduciblePower;FLOAT;OPC_QUALITY_OUT_OF_SERVICE;
PARK_Luna.H1Energy;FLOAT;OPC_QUALITY_OUT_OF_SERVICE;
PARK_Luna.H2Energy;FLOAT;OPC_QUALITY_OUT_OF_SERVICE;
PARK_Luna.H3Energy;FLOAT;OPC_QUALITY_OUT_OF_SERVICE;
PARK_Luna.H4Energy;FLOAT;OPC_QUALITY_OUT_OF_SERVICE;
PARK_Luna.RemainingTime;FLOAT;OPC_QUALITY_OUT_OF_SERVICE;
PARK_Luna.ActivePowerAds;FLOAT;OPC_QUALITY_OUT_OF_SERVICE;
PARK_Luna.GridConnection;FLOAT;OPC_QUALITY_OUT_OF_SERVICE;2
PARK_Luna.CircuitClosed;BOOL;OPC_QUALITY_OUT_OF_SERVICE;TRUE
PARK_Luna.Auxiliar1;FLOAT;OPC_QUALITY_OUT_OF_SERVICE;
PARK_Luna.Auxiliar2;FLOAT;OPC_QUALITY_OUT_OF_SERVICE;
PARK_Luna.Auxiliar3;FLOAT;OPC_QUALITY_OUT_OF_SERVICE;
PARK_Luna.Auxiliar4;FLOAT;OPC_QUALITY_OUT_OF_SERVICE;
PARK_Luna.Auxiliar5;FLOAT;OPC_QUALITY_OUT_OF_SERVICE;
PARK_Luna.CosPhi;FLOAT;OPC_QUALITY_GOOD;
PARK_Luna.Energy;FLOAT;OPC_QUALITY_GOOD;
PARK_Luna.WeatherAlertMsg;STRING;OPC_QUALITY_GOOD;
PARK_Luna.WeatherAlertInfo;STRING;OPC_QUALITY_GOOD;
PARK_Luna.EnergyFuture;FLOAT;OPC_QUALITY_GOOD;
PARK_Luna.EstimatedEnergy;FLOAT;OPC_QUALITY_GOOD;
PARK_Luna.LimitationEnergy;FLOAT;OPC_QUALITY_GOOD;
PARK_Luna.LimitationEnergyInfo;STRING;OPC_QUALITY_GOOD;
PARK_Luna.ASAssignStatus;STRING;OPC_QUALITY_GOOD;
PARK_Luna.ASLimitStatus;STRING;OPC_QUALITY_GOOD;
PARK_Luna.SetpointReference;FLOAT;OPC_QUALITY_GOOD;56100
HYDRO_Villalgordo.Active;BOOL;OPC_QUALITY_OUT_OF_SERVICE;TRUE
HYDRO_Villalgordo.NominalPower;FLOAT;OPC_QUALITY_GOOD;5500
HYDRO_Villalgordo.ActivePower;FLOAT;OPC_QUALITY_OUT_OF_SERVICE;
HYDRO_Villalgordo.ReactivePower;FLOAT;OPC_QUALITY_OUT_OF_SERVICE;
HYDRO_Villalgordo.Current;FLOAT;OPC_QUALITY_OUT_OF_SERVICE;
HYDRO_Villalgordo.VoltageR;FLOAT;OPC_QUALITY_OUT_OF_SERVICE;
HYDRO_Villalgordo.VoltageS;FLOAT;OPC_QUALITY_OUT_OF_SERVICE;
HYDRO_Villalgordo.VoltageT;FLOAT;OPC_QUALITY_OUT_OF_SERVICE;
HYDRO_Villalgordo.WindSpeed;FLOAT;OPC_QUALITY_OUT_OF_SERVICE;
HYDRO_Villalgordo.WindDirection;FLOAT;OPC_QUALITY_OUT_OF_SERVICE;
HYDRO_Villalgordo.Temperature;FLOAT;OPC_QUALITY_OUT_OF_SERVICE;
HYDRO_Villalgordo.SetpointApplied;FLOAT;OPC_QUALITY_OUT_OF_SERVICE;
HYDRO_Villalgordo.SetpointRequest;FLOAT;OPC_QUALITY_OUT_OF_SERVICE;
HYDRO_Villalgordo.CECOELSetpointReceived;FLOAT;OPC_QUALITY_OUT_OF_SERVICE;
HYDRO_Villalgordo.CECOELSetpointMotive;FLOAT;OPC_QUALITY_OUT_OF_SERVICE;
HYDRO_Villalgordo.CECORESetpointReceived;FLOAT;OPC_QUALITY_OUT_OF_SERVICE;
HYDRO_Villalgordo.CECORESetpointMotive;FLOAT;OPC_QUALITY_OUT_OF_SERVICE;
HYDRO_Villalgordo.CECORERoleReceived;FLOAT;OPC_QUALITY_OUT_OF_SERVICE;
HYDRO_Villalgordo.ProduciblePower;FLOAT;OPC_QUALITY_OUT_OF_SERVICE;
HYDRO_Villalgordo.H1Energy;FLOAT;OPC_QUALITY_OUT_OF_SERVICE;
HYDRO_Villalgordo.H2Energy;FLOAT;OPC_QUALITY_OUT_OF_SERVICE;
HYDRO_Villalgordo.H3Energy;FLOAT;OPC_QUALITY_OUT_OF_SERVICE;
HYDRO_Villalgordo.H4Energy;FLOAT;OPC_QUALITY_OUT_OF_SERVICE;
HYDRO_Villalgordo.RemainingTime;FLOAT;OPC_QUALITY_OUT_OF_SERVICE;
HYDRO_Villalgordo.ActivePowerAds;FLOAT;OPC_QUALITY_OUT_OF_SERVICE;
HYDRO_Villalgordo.GridConnection;FLOAT;OPC_QUALITY_OUT_OF_SERVICE;2
HYDRO_Villalgordo.CircuitClosed;BOOL;OPC_QUALITY_OUT_OF_SERVICE;TRUE
HYDRO_Villalgordo.Auxiliar1;FLOAT;OPC_QUALITY_OUT_OF_SERVICE;
HYDRO_Villalgordo.Auxiliar2;FLOAT;OPC_QUALITY_OUT_OF_SERVICE;
HYDRO_Villalgordo.Auxiliar3;FLOAT;OPC_QUALITY_OUT_OF_SERVICE;
HYDRO_Villalgordo.Auxiliar4;FLOAT;OPC_QUALITY_OUT_OF_SERVICE;
HYDRO_Villalgordo.Auxiliar5;FLOAT;OPC_QUALITY_OUT_OF_SERVICE;
HYDRO_Villalgordo.CosPhi;FLOAT;OPC_QUALITY_GOOD;
HYDRO_Villalgordo.Energy;FLOAT;OPC_QUALITY_GOOD;
HYDRO_Villalgordo.WeatherAlertMsg;STRING;OPC_QUALITY_GOOD;
HYDRO_Villalgordo.WeatherAlertInfo;STRING;OPC_QUALITY_GOOD;
HYDRO_Villalgordo.EnergyFuture;FLOAT;OPC_QUALITY_GOOD;
HYDRO_Villalgordo.EstimatedEnergy;FLOAT;OPC_QUALITY_GOOD;
HYDRO_Villalgordo.LimitationEnergy;FLOAT;OPC_QUALITY_GOOD;
HYDRO_Villalgordo.LimitationEnergyInfo;STRING;OPC_QUALITY_GOOD;
HYDRO_Villalgordo.ASAssignStatus;STRING;OPC_QUALITY_GOOD;
HYDRO_Villalgordo.ASLimitStatus;STRING;OPC_QUALITY_GOOD;
HYDRO_Villalgordo.SetpointReference;FLOAT;OPC_QUALITY_GOOD;5500
HYDRO_Cepeda.Active;BOOL;OPC_QUALITY_OUT_OF_SERVICE;TRUE
HYDRO_Cepeda.NominalPower;FLOAT;OPC_QUALITY_GOOD;3795
HYDRO_Cepeda.ActivePower;FLOAT;OPC_QUALITY_OUT_OF_SERVICE;
HYDRO_Cepeda.ReactivePower;FLOAT;OPC_QUALITY_OUT_OF_SERVICE;
HYDRO_Cepeda.Current;FLOAT;OPC_QUALITY_OUT_OF_SERVICE;
HYDRO_Cepeda.VoltageR;FLOAT;OPC_QUALITY_OUT_OF_SERVICE;
HYDRO_Cepeda.VoltageS;FLOAT;OPC_QUALITY_OUT_OF_SERVICE;
HYDRO_Cepeda.VoltageT;FLOAT;OPC_QUALITY_OUT_OF_SERVICE;
HYDRO_Cepeda.WindSpeed;FLOAT;OPC_QUALITY_OUT_OF_SERVICE;
HYDRO_Cepeda.WindDirection;FLOAT;OPC_QUALITY_OUT_OF_SERVICE;
HYDRO_Cepeda.Temperature;FLOAT;OPC_QUALITY_OUT_OF_SERVICE;
HYDRO_Cepeda.SetpointApplied;FLOAT;OPC_QUALITY_OUT_OF_SERVICE;
HYDRO_Cepeda.SetpointRequest;FLOAT;OPC_QUALITY_OUT_OF_SERVICE;
HYDRO_Cepeda.CECOELSetpointReceived;FLOAT;OPC_QUALITY_OUT_OF_SERVICE;
HYDRO_Cepeda.CECOELSetpointMotive;FLOAT;OPC_QUALITY_OUT_OF_SERVICE;
HYDRO_Cepeda.CECORESetpointReceived;FLOAT;OPC_QUALITY_OUT_OF_SERVICE;
HYDRO_Cepeda.CECORESetpointMotive;FLOAT;OPC_QUALITY_OUT_OF_SERVICE;
HYDRO_Cepeda.CECORERoleReceived;FLOAT;OPC_QUALITY_OUT_OF_SERVICE;
HYDRO_Cepeda.ProduciblePower;FLOAT;OPC_QUALITY_OUT_OF_SERVICE;
HYDRO_Cepeda.H1Energy;FLOAT;OPC_QUALITY_OUT_OF_SERVICE;
HYDRO_Cepeda.H2Energy;FLOAT;OPC_QUALITY_OUT_OF_SERVICE;
HYDRO_Cepeda.H3Energy;FLOAT;OPC_QUALITY_OUT_OF_SERVICE;
HYDRO_Cepeda.H4Energy;FLOAT;OPC_QUALITY_OUT_OF_SERVICE;
HYDRO_Cepeda.RemainingTime;FLOAT;OPC_QUALITY_OUT_OF_SERVICE;
HYDRO_Cepeda.ActivePowerAds;FLOAT;OPC_QUALITY_OUT_OF_SERVICE;
HYDRO_Cepeda.GridConnection;FLOAT;OPC_QUALITY_OUT_OF_SERVICE;2
HYDRO_Cepeda.CircuitClosed;BOOL;OPC_QUALITY_OUT_OF_SERVICE;TRUE
HYDRO_Cepeda.Auxiliar1;FLOAT;OPC_QUALITY_OUT_OF_SERVICE;
HYDRO_Cepeda.Auxiliar2;FLOAT;OPC_QUALITY_OUT_OF_SERVICE;
HYDRO_Cepeda.Auxiliar3;FLOAT;OPC_QUALITY_OUT_OF_SERVICE;
HYDRO_Cepeda.Auxiliar4;FLOAT;OPC_QUALITY_OUT_OF_SERVICE;
HYDRO_Cepeda.Auxiliar5;FLOAT;OPC_QUALITY_OUT_OF_SERVICE;
HYDRO_Cepeda.CosPhi;FLOAT;OPC_QUALITY_GOOD;
HYDRO_Cepeda.Energy;FLOAT;OPC_QUALITY_GOOD;
HYDRO_Cepeda.WeatherAlertMsg;STRING;OPC_QUALITY_GOOD;
HYDRO_Cepeda.WeatherAlertInfo;STRING;OPC_QUALITY_GOOD;
HYDRO_Cepeda.EnergyFuture;FLOAT;OPC_QUALITY_GOOD;
HYDRO_Cepeda.EstimatedEnergy;FLOAT;OPC_QUALITY_GOOD;
HYDRO_Cepeda.LimitationEnergy;FLOAT;OPC_QUALITY_GOOD;
HYDRO_Cepeda.LimitationEnergyInfo;STRING;OPC_QUALITY_GOOD;
HYDRO_Cepeda.ASAssignStatus;STRING;OPC_QUALITY_GOOD;
HYDRO_Cepeda.ASLimitStatus;STRING;OPC_QUALITY_GOOD;
HYDRO_Cepeda.SetpointReference;FLOAT;OPC_QUALITY_GOOD;3500
HYDRO_Chomba.Active;BOOL;OPC_QUALITY_OUT_OF_SERVICE;TRUE
HYDRO_Chomba.NominalPower;FLOAT;OPC_QUALITY_GOOD;962
HYDRO_Chomba.ActivePower;FLOAT;OPC_QUALITY_OUT_OF_SERVICE;
HYDRO_Chomba.ReactivePower;FLOAT;OPC_QUALITY_OUT_OF_SERVICE;
HYDRO_Chomba.Current;FLOAT;OPC_QUALITY_OUT_OF_SERVICE;
HYDRO_Chomba.VoltageR;FLOAT;OPC_QUALITY_OUT_OF_SERVICE;
HYDRO_Chomba.VoltageS;FLOAT;OPC_QUALITY_OUT_OF_SERVICE;
HYDRO_Chomba.VoltageT;FLOAT;OPC_QUALITY_OUT_OF_SERVICE;
HYDRO_Chomba.WindSpeed;FLOAT;OPC_QUALITY_OUT_OF_SERVICE;
HYDRO_Chomba.WindDirection;FLOAT;OPC_QUALITY_OUT_OF_SERVICE;
HYDRO_Chomba.Temperature;FLOAT;OPC_QUALITY_OUT_OF_SERVICE;
HYDRO_Chomba.SetpointApplied;FLOAT;OPC_QUALITY_OUT_OF_SERVICE;
HYDRO_Chomba.SetpointRequest;FLOAT;OPC_QUALITY_OUT_OF_SERVICE;
HYDRO_Chomba.CECOELSetpointReceived;FLOAT;OPC_QUALITY_OUT_OF_SERVICE;
HYDRO_Chomba.CECOELSetpointMotive;FLOAT;OPC_QUALITY_OUT_OF_SERVICE;
HYDRO_Chomba.CECORESetpointReceived;FLOAT;OPC_QUALITY_OUT_OF_SERVICE;
HYDRO_Chomba.CECORESetpointMotive;FLOAT;OPC_QUALITY_OUT_OF_SERVICE;
HYDRO_Chomba.CECORERoleReceived;FLOAT;OPC_QUALITY_OUT_OF_SERVICE;
HYDRO_Chomba.ProduciblePower;FLOAT;OPC_QUALITY_OUT_OF_SERVICE;
HYDRO_Chomba.H1Energy;FLOAT;OPC_QUALITY_OUT_OF_SERVICE;
HYDRO_Chomba.H2Energy;FLOAT;OPC_QUALITY_OUT_OF_SERVICE;
HYDRO_Chomba.H3Energy;FLOAT;OPC_QUALITY_OUT_OF_SERVICE;
HYDRO_Chomba.H4Energy;FLOAT;OPC_QUALITY_OUT_OF_SERVICE;
HYDRO_Chomba.RemainingTime;FLOAT;OPC_QUALITY_OUT_OF_SERVICE;
HYDRO_Chomba.ActivePowerAds;FLOAT;OPC_QUALITY_OUT_OF_SERVICE;
HYDRO_Chomba.GridConnection;FLOAT;OPC_QUALITY_OUT_OF_SERVICE;2
HYDRO_Chomba.CircuitClosed;BOOL;OPC_QUALITY_OUT_OF_SERVICE;TRUE
HYDRO_Chomba.Auxiliar1;FLOAT;OPC_QUALITY_OUT_OF_SERVICE;
HYDRO_Chomba.Auxiliar2;FLOAT;OPC_QUALITY_OUT_OF_SERVICE;
HYDRO_Chomba.Auxiliar3;FLOAT;OPC_QUALITY_OUT_OF_SERVICE;
HYDRO_Chomba.Auxiliar4;FLOAT;OPC_QUALITY_OUT_OF_SERVICE;
HYDRO_Chomba.Auxiliar5;FLOAT;OPC_QUALITY_OUT_OF_SERVICE;
HYDRO_Chomba.CosPhi;FLOAT;OPC_QUALITY_GOOD;
HYDRO_Chomba.Energy;FLOAT;OPC_QUALITY_GOOD;
HYDRO_Chomba.WeatherAlertMsg;STRING;OPC_QUALITY_GOOD;
HYDRO_Chomba.WeatherAlertInfo;STRING;OPC_QUALITY_GOOD;
HYDRO_Chomba.EnergyFuture;FLOAT;OPC_QUALITY_GOOD;
HYDRO_Chomba.EstimatedEnergy;FLOAT;OPC_QUALITY_GOOD;
HYDRO_Chomba.LimitationEnergy;FLOAT;OPC_QUALITY_GOOD;
HYDRO_Chomba.LimitationEnergyInfo;STRING;OPC_QUALITY_GOOD;
HYDRO_Chomba.ASAssignStatus;STRING;OPC_QUALITY_GOOD;
HYDRO_Chomba.ASLimitStatus;STRING;OPC_QUALITY_GOOD;
HYDRO_Chomba.SetpointReference;FLOAT;OPC_QUALITY_GOOD;962
HYDRO_LaMora.Active;BOOL;OPC_QUALITY_OUT_OF_SERVICE;TRUE
HYDRO_LaMora.NominalPower;FLOAT;OPC_QUALITY_GOOD;2137
HYDRO_LaMora.ActivePower;FLOAT;OPC_QUALITY_OUT_OF_SERVICE;
HYDRO_LaMora.ReactivePower;FLOAT;OPC_QUALITY_OUT_OF_SERVICE;
HYDRO_LaMora.Current;FLOAT;OPC_QUALITY_OUT_OF_SERVICE;
HYDRO_LaMora.VoltageR;FLOAT;OPC_QUALITY_OUT_OF_SERVICE;
HYDRO_LaMora.VoltageS;FLOAT;OPC_QUALITY_OUT_OF_SERVICE;
HYDRO_LaMora.VoltageT;FLOAT;OPC_QUALITY_OUT_OF_SERVICE;
HYDRO_LaMora.WindSpeed;FLOAT;OPC_QUALITY_OUT_OF_SERVICE;
HYDRO_LaMora.WindDirection;FLOAT;OPC_QUALITY_OUT_OF_SERVICE;
HYDRO_LaMora.Temperature;FLOAT;OPC_QUALITY_OUT_OF_SERVICE;
HYDRO_LaMora.SetpointApplied;FLOAT;OPC_QUALITY_OUT_OF_SERVICE;
HYDRO_LaMora.SetpointRequest;FLOAT;OPC_QUALITY_OUT_OF_SERVICE;
HYDRO_LaMora.CECOELSetpointReceived;FLOAT;OPC_QUALITY_OUT_OF_SERVICE;
HYDRO_LaMora.CECOELSetpointMotive;FLOAT;OPC_QUALITY_OUT_OF_SERVICE;
HYDRO_LaMora.CECORESetpointReceived;FLOAT;OPC_QUALITY_OUT_OF_SERVICE;
HYDRO_LaMora.CECORESetpointMotive;FLOAT;OPC_QUALITY_OUT_OF_SERVICE;
HYDRO_LaMora.CECORERoleReceived;FLOAT;OPC_QUALITY_OUT_OF_SERVICE;
HYDRO_LaMora.ProduciblePower;FLOAT;OPC_QUALITY_OUT_OF_SERVICE;
HYDRO_LaMora.H1Energy;FLOAT;OPC_QUALITY_OUT_OF_SERVICE;
HYDRO_LaMora.H2Energy;FLOAT;OPC_QUALITY_OUT_OF_SERVICE;
HYDRO_LaMora.H3Energy;FLOAT;OPC_QUALITY_OUT_OF_SERVICE;
HYDRO_LaMora.H4Energy;FLOAT;OPC_QUALITY_OUT_OF_SERVICE;
HYDRO_LaMora.RemainingTime;FLOAT;OPC_QUALITY_OUT_OF_SERVICE;
HYDRO_LaMora.ActivePowerAds;FLOAT;OPC_QUALITY_OUT_OF_SERVICE;
HYDRO_LaMora.GridConnection;FLOAT;OPC_QUALITY_OUT_OF_SERVICE;2
HYDRO_LaMora.CircuitClosed;BOOL;OPC_QUALITY_OUT_OF_SERVICE;TRUE
HYDRO_LaMora.Auxiliar1;FLOAT;OPC_QUALITY_OUT_OF_SERVICE;
HYDRO_LaMora.Auxiliar2;FLOAT;OPC_QUALITY_OUT_OF_SERVICE;
HYDRO_LaMora.Auxiliar3;FLOAT;OPC_QUALITY_OUT_OF_SERVICE;
HYDRO_LaMora.Auxiliar4;FLOAT;OPC_QUALITY_OUT_OF_SERVICE;
HYDRO_LaMora.Auxiliar5;FLOAT;OPC_QUALITY_OUT_OF_SERVICE;
HYDRO_LaMora.CosPhi;FLOAT;OPC_QUALITY_GOOD;
HYDRO_LaMora.Energy;FLOAT;OPC_QUALITY_GOOD;
HYDRO_LaMora.WeatherAlertMsg;STRING;OPC_QUALITY_GOOD;
HYDRO_LaMora.WeatherAlertInfo;STRING;OPC_QUALITY_GOOD;
HYDRO_LaMora.EnergyFuture;FLOAT;OPC_QUALITY_GOOD;
HYDRO_LaMora.EstimatedEnergy;FLOAT;OPC_QUALITY_GOOD;
HYDRO_LaMora.LimitationEnergy;FLOAT;OPC_QUALITY_GOOD;
HYDRO_LaMora.LimitationEnergyInfo;STRING;OPC_QUALITY_GOOD;
HYDRO_LaMora.ASAssignStatus;STRING;OPC_QUALITY_GOOD;
HYDRO_LaMora.ASLimitStatus;STRING;OPC_QUALITY_GOOD;
HYDRO_LaMora.SetpointReference;FLOAT;OPC_QUALITY_GOOD;2200
NODE_Lastras.Active;BOOL;OPC_QUALITY_OUT_OF_SERVICE;TRUE
NODE_Lastras.ActivePower;FLOAT;OPC_QUALITY_OUT_OF_SERVICE;
NODE_Lastras.ReactivePower;FLOAT;OPC_QUALITY_OUT_OF_SERVICE;
NODE_Lastras.Current;FLOAT;OPC_QUALITY_OUT_OF_SERVICE;
NODE_Lastras.VoltageR;FLOAT;OPC_QUALITY_OUT_OF_SERVICE;
NODE_Lastras.VoltageS;FLOAT;OPC_QUALITY_OUT_OF_SERVICE;
NODE_Lastras.VoltageT;FLOAT;OPC_QUALITY_OUT_OF_SERVICE;
NODE_Lastras.SetpointApplied;FLOAT;OPC_QUALITY_OUT_OF_SERVICE;
NODE_Lastras.CECOELSetpointReceived;FLOAT;OPC_QUALITY_OUT_OF_SERVICE;
NODE_Lastras.CECOELSetpointMotive;FLOAT;OPC_QUALITY_OUT_OF_SERVICE;
NODE_Lastras.CECORESetpointReceived;FLOAT;OPC_QUALITY_OUT_OF_SERVICE;
NODE_Lastras.CECORESetpointMotive;FLOAT;OPC_QUALITY_OUT_OF_SERVICE;
NODE_Lastras.CECORERoleReceived;FLOAT;OPC_QUALITY_OUT_OF_SERVICE;
NODE_Lastras.RemainingTime;FLOAT;OPC_QUALITY_OUT_OF_SERVICE;
NODE_Lastras.ActivePowerAds;FLOAT;OPC_QUALITY_OUT_OF_SERVICE;
NODE_Lastras.GridConnection;FLOAT;OPC_QUALITY_OUT_OF_SERVICE;2
NODE_Lastras.WindDirection;FLOAT;OPC_QUALITY_OUT_OF_SERVICE;
NODE_Lastras.WindSpeed;FLOAT;OPC_QUALITY_OUT_OF_SERVICE;
NODE_Lastras.Temperature;FLOAT;OPC_QUALITY_OUT_OF_SERVICE;
NODE_Lastras.CircuitClosed;BOOL;OPC_QUALITY_OUT_OF_SERVICE;TRUE
NODE_Sienra.Active;BOOL;OPC_QUALITY_OUT_OF_SERVICE;TRUE
NODE_Sienra.ActivePower;FLOAT;OPC_QUALITY_OUT_OF_SERVICE;
NODE_Sienra.ReactivePower;FLOAT;OPC_QUALITY_OUT_OF_SERVICE;
NODE_Sienra.Current;FLOAT;OPC_QUALITY_OUT_OF_SERVICE;
NODE_Sienra.VoltageR;FLOAT;OPC_QUALITY_OUT_OF_SERVICE;
NODE_Sienra.VoltageS;FLOAT;OPC_QUALITY_OUT_OF_SERVICE;
NODE_Sienra.VoltageT;FLOAT;OPC_QUALITY_OUT_OF_SERVICE;
NODE_Sienra.SetpointApplied;FLOAT;OPC_QUALITY_OUT_OF_SERVICE;
NODE_Sienra.CECOELSetpointReceived;FLOAT;OPC_QUALITY_OUT_OF_SERVICE;
NODE_Sienra.CECOELSetpointMotive;FLOAT;OPC_QUALITY_OUT_OF_SERVICE;
NODE_Sienra.CECORESetpointReceived;FLOAT;OPC_QUALITY_OUT_OF_SERVICE;
NODE_Sienra.CECORESetpointMotive;FLOAT;OPC_QUALITY_OUT_OF_SERVICE;
NODE_Sienra.CECORERoleReceived;FLOAT;OPC_QUALITY_OUT_OF_SERVICE;
NODE_Sienra.RemainingTime;FLOAT;OPC_QUALITY_OUT_OF_SERVICE;
NODE_Sienra.ActivePowerAds;FLOAT;OPC_QUALITY_OUT_OF_SERVICE;
NODE_Sienra.GridConnection;FLOAT;OPC_QUALITY_OUT_OF_SERVICE;2
NODE_Sienra.WindDirection;FLOAT;OPC_QUALITY_OUT_OF_SERVICE;
NODE_Sienra.WindSpeed;FLOAT;OPC_QUALITY_OUT_OF_SERVICE;
NODE_Sienra.Temperature;FLOAT;OPC_QUALITY_OUT_OF_SERVICE;
NODE_Sienra.CircuitClosed;BOOL;OPC_QUALITY_OUT_OF_SERVICE;TRUE
NODE_Romica.Active;BOOL;OPC_QUALITY_OUT_OF_SERVICE;TRUE
NODE_Romica.ActivePower;FLOAT;OPC_QUALITY_OUT_OF_SERVICE;
NODE_Romica.ReactivePower;FLOAT;OPC_QUALITY_OUT_OF_SERVICE;
NODE_Romica.Current;FLOAT;OPC_QUALITY_OUT_OF_SERVICE;
NODE_Romica.VoltageR;FLOAT;OPC_QUALITY_OUT_OF_SERVICE;
NODE_Romica.VoltageS;FLOAT;OPC_QUALITY_OUT_OF_SERVICE;
NODE_Romica.VoltageT;FLOAT;OPC_QUALITY_OUT_OF_SERVICE;
NODE_Romica.SetpointApplied;FLOAT;OPC_QUALITY_OUT_OF_SERVICE;
NODE_Romica.CECOELSetpointReceived;FLOAT;OPC_QUALITY_OUT_OF_SERVICE;
NODE_Romica.CECOELSetpointMotive;FLOAT;OPC_QUALITY_OUT_OF_SERVICE;
NODE_Romica.CECORESetpointReceived;FLOAT;OPC_QUALITY_OUT_OF_SERVICE;
NODE_Romica.CECORESetpointMotive;FLOAT;OPC_QUALITY_OUT_OF_SERVICE;
NODE_Romica.CECORERoleReceived;FLOAT;OPC_QUALITY_OUT_OF_SERVICE;
NODE_Romica.RemainingTime;FLOAT;OPC_QUALITY_OUT_OF_SERVICE;
NODE_Romica.ActivePowerAds;FLOAT;OPC_QUALITY_OUT_OF_SERVICE;
NODE_Romica.GridConnection;FLOAT;OPC_QUALITY_OUT_OF_SERVICE;2
NODE_Romica.WindDirection;FLOAT;OPC_QUALITY_OUT_OF_SERVICE;
NODE_Romica.WindSpeed;FLOAT;OPC_QUALITY_OUT_OF_SERVICE;
NODE_Romica.Temperature;FLOAT;OPC_QUALITY_OUT_OF_SERVICE;
NODE_Romica.CircuitClosed;BOOL;OPC_QUALITY_OUT_OF_SERVICE;TRUE
SOLAR_Andasol3.Active;BOOL;OPC_QUALITY_OUT_OF_SERVICE;TRUE
SOLAR_Andasol3.NominalPower;FLOAT;OPC_QUALITY_GOOD;49900
SOLAR_Andasol3.ActivePower;FLOAT;OPC_QUALITY_OUT_OF_SERVICE;
SOLAR_Andasol3.ReactivePower;FLOAT;OPC_QUALITY_OUT_OF_SERVICE;
SOLAR_Andasol3.Current;FLOAT;OPC_QUALITY_OUT_OF_SERVICE;
SOLAR_Andasol3.VoltageR;FLOAT;OPC_QUALITY_OUT_OF_SERVICE;
SOLAR_Andasol3.VoltageS;FLOAT;OPC_QUALITY_OUT_OF_SERVICE;
SOLAR_Andasol3.VoltageT;FLOAT;OPC_QUALITY_OUT_OF_SERVICE;
SOLAR_Andasol3.WindSpeed;FLOAT;OPC_QUALITY_OUT_OF_SERVICE;
SOLAR_Andasol3.WindDirection;FLOAT;OPC_QUALITY_OUT_OF_SERVICE;
SOLAR_Andasol3.Temperature;FLOAT;OPC_QUALITY_OUT_OF_SERVICE;
SOLAR_Andasol3.SetpointRequest;FLOAT;OPC_QUALITY_OUT_OF_SERVICE;
SOLAR_Andasol3.SetpointApplied;FLOAT;OPC_QUALITY_OUT_OF_SERVICE;
SOLAR_Andasol3.CECOELSetpointReceived;FLOAT;OPC_QUALITY_OUT_OF_SERVICE;
SOLAR_Andasol3.CECOELSetpointMotive;FLOAT;OPC_QUALITY_OUT_OF_SERVICE;
SOLAR_Andasol3.CECORESetpointReceived;FLOAT;OPC_QUALITY_OUT_OF_SERVICE;
SOLAR_Andasol3.CECORESetpointMotive;FLOAT;OPC_QUALITY_OUT_OF_SERVICE;
SOLAR_Andasol3.CECORERoleReceived;FLOAT;OPC_QUALITY_OUT_OF_SERVICE;
SOLAR_Andasol3.ProduciblePower;FLOAT;OPC_QUALITY_OUT_OF_SERVICE;
SOLAR_Andasol3.H1Energy;FLOAT;OPC_QUALITY_OUT_OF_SERVICE;
SOLAR_Andasol3.H2Energy;FLOAT;OPC_QUALITY_OUT_OF_SERVICE;
SOLAR_Andasol3.H3Energy;FLOAT;OPC_QUALITY_OUT_OF_SERVICE;
SOLAR_Andasol3.H4Energy;FLOAT;OPC_QUALITY_OUT_OF_SERVICE;
SOLAR_Andasol3.RemainingTime;FLOAT;OPC_QUALITY_OUT_OF_SERVICE;
SOLAR_Andasol3.ActivePowerAds;FLOAT;OPC_QUALITY_OUT_OF_SERVICE;
SOLAR_Andasol3.GridConnection;FLOAT;OPC_QUALITY_OUT_OF_SERVICE;2
SOLAR_Andasol3.CircuitClosed;BOOL;OPC_QUALITY_OUT_OF_SERVICE;TRUE
SOLAR_Andasol3.Auxiliar1;FLOAT;OPC_QUALITY_OUT_OF_SERVICE;
SOLAR_Andasol3.Auxiliar2;FLOAT;OPC_QUALITY_OUT_OF_SERVICE;
SOLAR_Andasol3.Auxiliar3;FLOAT;OPC_QUALITY_OUT_OF_SERVICE;
SOLAR_Andasol3.Auxiliar4;FLOAT;OPC_QUALITY_OUT_OF_SERVICE;
SOLAR_Andasol3.Auxiliar5;FLOAT;OPC_QUALITY_OUT_OF_SERVICE;
SOLAR_Andasol3.CosPhi;FLOAT;OPC_QUALITY_GOOD;
SOLAR_Andasol3.Energy;FLOAT;OPC_QUALITY_GOOD;
SOLAR_Andasol3.WeatherAlertMsg;STRING;OPC_QUALITY_GOOD;
SOLAR_Andasol3.WeatherAlertInfo;STRING;OPC_QUALITY_GOOD;
SOLAR_Andasol3.EnergyFuture;FLOAT;OPC_QUALITY_GOOD;
SOLAR_Andasol3.EstimatedEnergy;FLOAT;OPC_QUALITY_GOOD;
SOLAR_Andasol3.LimitationEnergy;FLOAT;OPC_QUALITY_GOOD;
SOLAR_Andasol3.LimitationEnergyInfo;STRING;OPC_QUALITY_GOOD;
SOLAR_Andasol3.ASAssignStatus;STRING;OPC_QUALITY_GOOD;
SOLAR_Andasol3.ASLimitStatus;STRING;OPC_QUALITY_GOOD;
SOLAR_Andasol3.SetpointReference;FLOAT;OPC_QUALITY_GOOD;
NODE_Escucha.Active;BOOL;OPC_QUALITY_OUT_OF_SERVICE;TRUE
NODE_Escucha.ActivePower;FLOAT;OPC_QUALITY_OUT_OF_SERVICE;
NODE_Escucha.ReactivePower;FLOAT;OPC_QUALITY_OUT_OF_SERVICE;
NODE_Escucha.Current;FLOAT;OPC_QUALITY_OUT_OF_SERVICE;
NODE_Escucha.VoltageR;FLOAT;OPC_QUALITY_OUT_OF_SERVICE;
NODE_Escucha.VoltageS;FLOAT;OPC_QUALITY_OUT_OF_SERVICE;
NODE_Escucha.VoltageT;FLOAT;OPC_QUALITY_OUT_OF_SERVICE;
NODE_Escucha.SetpointApplied;FLOAT;OPC_QUALITY_OUT_OF_SERVICE;
NODE_Escucha.CECOELSetpointReceived;FLOAT;OPC_QUALITY_OUT_OF_SERVICE;
NODE_Escucha.CECOELSetpointMotive;FLOAT;OPC_QUALITY_OUT_OF_SERVICE;
NODE_Escucha.CECORESetpointReceived;FLOAT;OPC_QUALITY_OUT_OF_SERVICE;
NODE_Escucha.CECORESetpointMotive;FLOAT;OPC_QUALITY_OUT_OF_SERVICE;
NODE_Escucha.CECORERoleReceived;FLOAT;OPC_QUALITY_OUT_OF_SERVICE;
NODE_Escucha.RemainingTime;FLOAT;OPC_QUALITY_OUT_OF_SERVICE;
NODE_Escucha.ActivePowerAds;FLOAT;OPC_QUALITY_OUT_OF_SERVICE;
NODE_Escucha.GridConnection;FLOAT;OPC_QUALITY_OUT_OF_SERVICE;2
NODE_Escucha.WindDirection;FLOAT;OPC_QUALITY_OUT_OF_SERVICE;
NODE_Escucha.WindSpeed;FLOAT;OPC_QUALITY_OUT_OF_SERVICE;
NODE_Escucha.Temperature;FLOAT;OPC_QUALITY_OUT_OF_SERVICE;
NODE_Escucha.CircuitClosed;BOOL;OPC_QUALITY_OUT_OF_SERVICE;TRUE
NODE_S5.Active;BOOL;OPC_QUALITY_OUT_OF_SERVICE;TRUE
NODE_S5.ActivePower;FLOAT;OPC_QUALITY_OUT_OF_SERVICE;
NODE_S5.ReactivePower;FLOAT;OPC_QUALITY_OUT_OF_SERVICE;
NODE_S5.Current;FLOAT;OPC_QUALITY_OUT_OF_SERVICE;
NODE_S5.VoltageR;FLOAT;OPC_QUALITY_OUT_OF_SERVICE;
NODE_S5.VoltageS;FLOAT;OPC_QUALITY_OUT_OF_SERVICE;
NODE_S5.VoltageT;FLOAT;OPC_QUALITY_OUT_OF_SERVICE;
NODE_S5.SetpointApplied;FLOAT;OPC_QUALITY_OUT_OF_SERVICE;
NODE_S5.CECOELSetpointReceived;FLOAT;OPC_QUALITY_OUT_OF_SERVICE;
NODE_S5.CECOELSetpointMotive;FLOAT;OPC_QUALITY_OUT_OF_SERVICE;
NODE_S5.CECORESetpointReceived;FLOAT;OPC_QUALITY_OUT_OF_SERVICE;
NODE_S5.CECORESetpointMotive;FLOAT;OPC_QUALITY_OUT_OF_SERVICE;
NODE_S5.CECORERoleReceived;FLOAT;OPC_QUALITY_OUT_OF_SERVICE;
NODE_S5.RemainingTime;FLOAT;OPC_QUALITY_OUT_OF_SERVICE;
NODE_S5.ActivePowerAds;FLOAT;OPC_QUALITY_OUT_OF_SERVICE;
NODE_S5.GridConnection;FLOAT;OPC_QUALITY_OUT_OF_SERVICE;2
NODE_S5.WindDirection;FLOAT;OPC_QUALITY_OUT_OF_SERVICE;
NODE_S5.WindSpeed;FLOAT;OPC_QUALITY_OUT_OF_SERVICE;
NODE_S5.Temperature;FLOAT;OPC_QUALITY_OUT_OF_SERVICE;
NODE_S5.CircuitClosed;BOOL;OPC_QUALITY_OUT_OF_SERVICE;TRUE
PARK_LaLoma.Active;BOOL;OPC_QUALITY_OUT_OF_SERVICE;TRUE
PARK_LaLoma.NominalPower;FLOAT;OPC_QUALITY_GOOD;36000
PARK_LaLoma.ActivePower;FLOAT;OPC_QUALITY_OUT_OF_SERVICE;
PARK_LaLoma.ReactivePower;FLOAT;OPC_QUALITY_OUT_OF_SERVICE;
PARK_LaLoma.Current;FLOAT;OPC_QUALITY_OUT_OF_SERVICE;
PARK_LaLoma.VoltageR;FLOAT;OPC_QUALITY_OUT_OF_SERVICE;
PARK_LaLoma.VoltageS;FLOAT;OPC_QUALITY_OUT_OF_SERVICE;
PARK_LaLoma.VoltageT;FLOAT;OPC_QUALITY_OUT_OF_SERVICE;
PARK_LaLoma.WindSpeed;FLOAT;OPC_QUALITY_OUT_OF_SERVICE;
PARK_LaLoma.WindDirection;FLOAT;OPC_QUALITY_OUT_OF_SERVICE;
PARK_LaLoma.Temperature;FLOAT;OPC_QUALITY_OUT_OF_SERVICE;
PARK_LaLoma.SetpointApplied;FLOAT;OPC_QUALITY_OUT_OF_SERVICE;
PARK_LaLoma.SetpointRequest;FLOAT;OPC_QUALITY_OUT_OF_SERVICE;
PARK_LaLoma.CECOELSetpointReceived;FLOAT;OPC_QUALITY_OUT_OF_SERVICE;
PARK_LaLoma.CECOELSetpointMotive;FLOAT;OPC_QUALITY_OUT_OF_SERVICE;
PARK_LaLoma.CECORESetpointReceived;FLOAT;OPC_QUALITY_OUT_OF_SERVICE;
PARK_LaLoma.CECORESetpointMotive;FLOAT;OPC_QUALITY_OUT_OF_SERVICE;
PARK_LaLoma.CECORERoleReceived;FLOAT;OPC_QUALITY_OUT_OF_SERVICE;
PARK_LaLoma.ProduciblePower;FLOAT;OPC_QUALITY_OUT_OF_SERVICE;
PARK_LaLoma.H1Energy;FLOAT;OPC_QUALITY_OUT_OF_SERVICE;
PARK_LaLoma.H2Energy;FLOAT;OPC_QUALITY_OUT_OF_SERVICE;
PARK_LaLoma.H3Energy;FLOAT;OPC_QUALITY_OUT_OF_SERVICE;
PARK_LaLoma.H4Energy;FLOAT;OPC_QUALITY_OUT_OF_SERVICE;
PARK_LaLoma.RemainingTime;FLOAT;OPC_QUALITY_OUT_OF_SERVICE;
PARK_LaLoma.ActivePowerAds;FLOAT;OPC_QUALITY_OUT_OF_SERVICE;
PARK_LaLoma.GridConnection;FLOAT;OPC_QUALITY_OUT_OF_SERVICE;2
PARK_LaLoma.CircuitClosed;BOOL;OPC_QUALITY_OUT_OF_SERVICE;TRUE
PARK_LaLoma.Auxiliar1;FLOAT;OPC_QUALITY_OUT_OF_SERVICE;
PARK_LaLoma.Auxiliar2;FLOAT;OPC_QUALITY_OUT_OF_SERVICE;
PARK_LaLoma.Auxiliar3;FLOAT;OPC_QUALITY_OUT_OF_SERVICE;
PARK_LaLoma.Auxiliar4;FLOAT;OPC_QUALITY_OUT_OF_SERVICE;
PARK_LaLoma.Auxiliar5;FLOAT;OPC_QUALITY_OUT_OF_SERVICE;
PARK_LaLoma.CosPhi;FLOAT;OPC_QUALITY_GOOD;
PARK_LaLoma.Energy;FLOAT;OPC_QUALITY_GOOD;
PARK_LaLoma.WeatherAlertMsg;STRING;OPC_QUALITY_GOOD;
PARK_LaLoma.WeatherAlertInfo;STRING;OPC_QUALITY_GOOD;
PARK_LaLoma.EnergyFuture;FLOAT;OPC_QUALITY_GOOD;
PARK_LaLoma.EstimatedEnergy;FLOAT;OPC_QUALITY_GOOD;
PARK_LaLoma.LimitationEnergy;FLOAT;OPC_QUALITY_GOOD;
PARK_LaLoma.LimitationEnergyInfo;STRING;OPC_QUALITY_GOOD;
PARK_LaLoma.ASAssignStatus;STRING;OPC_QUALITY_GOOD;
PARK_LaLoma.ASLimitStatus;STRING;OPC_QUALITY_GOOD;
PARK_LaLoma.SetpointReference;FLOAT;OPC_QUALITY_GOOD;
PARK_LaLoma.Sinovel.001.ActivePower;FLOAT;OPC_QUALITY_OUT_OF_SERVICE;
PARK_LaLoma.Sinovel.001.ReactivePower;FLOAT;OPC_QUALITY_OUT_OF_SERVICE;
PARK_LaLoma.Sinovel.001.CosPhi;FLOAT;OPC_QUALITY_OUT_OF_SERVICE;
PARK_LaLoma.Sinovel.001.WindDirection;FLOAT;OPC_QUALITY_OUT_OF_SERVICE;
PARK_LaLoma.Sinovel.001.WindSpeed;FLOAT;OPC_QUALITY_OUT_OF_SERVICE;
PARK_LaLoma.Sinovel.001.Temperature;FLOAT;OPC_QUALITY_OUT_OF_SERVICE;
PARK_LaLoma.Sinovel.001.Status;FLOAT;OPC_QUALITY_OUT_OF_SERVICE;
PARK_LaLoma.Sinovel.002.ActivePower;FLOAT;OPC_QUALITY_OUT_OF_SERVICE;
PARK_LaLoma.Sinovel.002.ReactivePower;FLOAT;OPC_QUALITY_OUT_OF_SERVICE;
PARK_LaLoma.Sinovel.002.CosPhi;FLOAT;OPC_QUALITY_OUT_OF_SERVICE;
PARK_LaLoma.Sinovel.002.WindDirection;FLOAT;OPC_QUALITY_OUT_OF_SERVICE;
PARK_LaLoma.Sinovel.002.WindSpeed;FLOAT;OPC_QUALITY_OUT_OF_SERVICE;
PARK_LaLoma.Sinovel.002.Temperature;FLOAT;OPC_QUALITY_OUT_OF_SERVICE;
PARK_LaLoma.Sinovel.002.Status;FLOAT;OPC_QUALITY_OUT_OF_SERVICE;
PARK_LaLoma.Sinovel.003.ActivePower;FLOAT;OPC_QUALITY_OUT_OF_SERVICE;
PARK_LaLoma.Sinovel.003.ReactivePower;FLOAT;OPC_QUALITY_OUT_OF_SERVICE;
PARK_LaLoma.Sinovel.003.CosPhi;FLOAT;OPC_QUALITY_OUT_OF_SERVICE;
PARK_LaLoma.Sinovel.003.WindDirection;FLOAT;OPC_QUALITY_OUT_OF_SERVICE;
PARK_LaLoma.Sinovel.003.WindSpeed;FLOAT;OPC_QUALITY_OUT_OF_SERVICE;
PARK_LaLoma.Sinovel.003.Temperature;FLOAT;OPC_QUALITY_OUT_OF_SERVICE;
PARK_LaLoma.Sinovel.003.Status;FLOAT;OPC_QUALITY_OUT_OF_SERVICE;
PARK_LaLoma.Sinovel.004.ActivePower;FLOAT;OPC_QUALITY_OUT_OF_SERVICE;
PARK_LaLoma.Sinovel.004.ReactivePower;FLOAT;OPC_QUALITY_OUT_OF_SERVICE;
PARK_LaLoma.Sinovel.004.CosPhi;FLOAT;OPC_QUALITY_OUT_OF_SERVICE;
PARK_LaLoma.Sinovel.004.WindDirection;FLOAT;OPC_QUALITY_OUT_OF_SERVICE;
PARK_LaLoma.Sinovel.004.WindSpeed;FLOAT;OPC_QUALITY_OUT_OF_SERVICE;
PARK_LaLoma.Sinovel.004.Temperature;FLOAT;OPC_QUALITY_OUT_OF_SERVICE;
PARK_LaLoma.Sinovel.004.Status;FLOAT;OPC_QUALITY_OUT_OF_SERVICE;
PARK_LaLoma.Sinovel.005.ActivePower;FLOAT;OPC_QUALITY_OUT_OF_SERVICE;
PARK_LaLoma.Sinovel.005.ReactivePower;FLOAT;OPC_QUALITY_OUT_OF_SERVICE;
PARK_LaLoma.Sinovel.005.CosPhi;FLOAT;OPC_QUALITY_OUT_OF_SERVICE;
PARK_LaLoma.Sinovel.005.WindDirection;FLOAT;OPC_QUALITY_OUT_OF_SERVICE;
PARK_LaLoma.Sinovel.005.WindSpeed;FLOAT;OPC_QUALITY_OUT_OF_SERVICE;
PARK_LaLoma.Sinovel.005.Temperature;FLOAT;OPC_QUALITY_OUT_OF_SERVICE;
PARK_LaLoma.Sinovel.005.Status;FLOAT;OPC_QUALITY_OUT_OF_SERVICE;
PARK_LaLoma.Sinovel.006.ActivePower;FLOAT;OPC_QUALITY_OUT_OF_SERVICE;
PARK_LaLoma.Sinovel.006.ReactivePower;FLOAT;OPC_QUALITY_OUT_OF_SERVICE;
PARK_LaLoma.Sinovel.006.CosPhi;FLOAT;OPC_QUALITY_OUT_OF_SERVICE;
PARK_LaLoma.Sinovel.006.WindDirection;FLOAT;OPC_QUALITY_OUT_OF_SERVICE;
PARK_LaLoma.Sinovel.006.WindSpeed;FLOAT;OPC_QUALITY_OUT_OF_SERVICE;
PARK_LaLoma.Sinovel.006.Temperature;FLOAT;OPC_QUALITY_OUT_OF_SERVICE;
PARK_LaLoma.Sinovel.006.Status;FLOAT;OPC_QUALITY_OUT_OF_SERVICE;
PARK_LaLoma.Sinovel.007.ActivePower;FLOAT;OPC_QUALITY_OUT_OF_SERVICE;
PARK_LaLoma.Sinovel.007.ReactivePower;FLOAT;OPC_QUALITY_OUT_OF_SERVICE;
PARK_LaLoma.Sinovel.007.CosPhi;FLOAT;OPC_QUALITY_OUT_OF_SERVICE;
PARK_LaLoma.Sinovel.007.WindDirection;FLOAT;OPC_QUALITY_OUT_OF_SERVICE;
PARK_LaLoma.Sinovel.007.WindSpeed;FLOAT;OPC_QUALITY_OUT_OF_SERVICE;
PARK_LaLoma.Sinovel.007.Temperature;FLOAT;OPC_QUALITY_OUT_OF_SERVICE;
PARK_LaLoma.Sinovel.007.Status;FLOAT;OPC_QUALITY_OUT_OF_SERVICE;
PARK_LaLoma.Sinovel.008.ActivePower;FLOAT;OPC_QUALITY_OUT_OF_SERVICE;
PARK_LaLoma.Sinovel.008.ReactivePower;FLOAT;OPC_QUALITY_OUT_OF_SERVICE;
PARK_LaLoma.Sinovel.008.CosPhi;FLOAT;OPC_QUALITY_OUT_OF_SERVICE;
PARK_LaLoma.Sinovel.008.WindDirection;FLOAT;OPC_QUALITY_OUT_OF_SERVICE;
PARK_LaLoma.Sinovel.008.WindSpeed;FLOAT;OPC_QUALITY_OUT_OF_SERVICE;
PARK_LaLoma.Sinovel.008.Temperature;FLOAT;OPC_QUALITY_OUT_OF_SERVICE;
PARK_LaLoma.Sinovel.008.Status;FLOAT;OPC_QUALITY_OUT_OF_SERVICE;
PARK_LaLoma.Sinovel.009.ActivePower;FLOAT;OPC_QUALITY_OUT_OF_SERVICE;
PARK_LaLoma.Sinovel.009.ReactivePower;FLOAT;OPC_QUALITY_OUT_OF_SERVICE;
PARK_LaLoma.Sinovel.009.CosPhi;FLOAT;OPC_QUALITY_OUT_OF_SERVICE;
PARK_LaLoma.Sinovel.009.WindDirection;FLOAT;OPC_QUALITY_OUT_OF_SERVICE;
PARK_LaLoma.Sinovel.009.WindSpeed;FLOAT;OPC_QUALITY_OUT_OF_SERVICE;
PARK_LaLoma.Sinovel.009.Temperature;FLOAT;OPC_QUALITY_OUT_OF_SERVICE;
PARK_LaLoma.Sinovel.009.Status;FLOAT;OPC_QUALITY_OUT_OF_SERVICE;
PARK_LaLoma.Sinovel.010.ActivePower;FLOAT;OPC_QUALITY_OUT_OF_SERVICE;
PARK_LaLoma.Sinovel.010.ReactivePower;FLOAT;OPC_QUALITY_OUT_OF_SERVICE;
PARK_LaLoma.Sinovel.010.CosPhi;FLOAT;OPC_QUALITY_OUT_OF_SERVICE;
PARK_LaLoma.Sinovel.010.WindDirection;FLOAT;OPC_QUALITY_OUT_OF_SERVICE;
PARK_LaLoma.Sinovel.010.WindSpeed;FLOAT;OPC_QUALITY_OUT_OF_SERVICE;
PARK_LaLoma.Sinovel.010.Temperature;FLOAT;OPC_QUALITY_OUT_OF_SERVICE;
PARK_LaLoma.Sinovel.010.Status;FLOAT;OPC_QUALITY_OUT_OF_SERVICE;
PARK_LaLoma.Sinovel.011.ActivePower;FLOAT;OPC_QUALITY_OUT_OF_SERVICE;
PARK_LaLoma.Sinovel.011.ReactivePower;FLOAT;OPC_QUALITY_OUT_OF_SERVICE;
PARK_LaLoma.Sinovel.011.CosPhi;FLOAT;OPC_QUALITY_OUT_OF_SERVICE;
PARK_LaLoma.Sinovel.011.WindDirection;FLOAT;OPC_QUALITY_OUT_OF_SERVICE;
PARK_LaLoma.Sinovel.011.WindSpeed;FLOAT;OPC_QUALITY_OUT_OF_SERVICE;
PARK_LaLoma.Sinovel.011.Temperature;FLOAT;OPC_QUALITY_OUT_OF_SERVICE;
PARK_LaLoma.Sinovel.011.Status;FLOAT;OPC_QUALITY_OUT_OF_SERVICE;
PARK_LaLoma.Sinovel.012.ActivePower;FLOAT;OPC_QUALITY_OUT_OF_SERVICE;
PARK_LaLoma.Sinovel.012.ReactivePower;FLOAT;OPC_QUALITY_OUT_OF_SERVICE;
PARK_LaLoma.Sinovel.012.CosPhi;FLOAT;OPC_QUALITY_OUT_OF_SERVICE;
PARK_LaLoma.Sinovel.012.WindDirection;FLOAT;OPC_QUALITY_OUT_OF_SERVICE;
PARK_LaLoma.Sinovel.012.WindSpeed;FLOAT;OPC_QUALITY_OUT_OF_SERVICE;
PARK_LaLoma.Sinovel.012.Temperature;FLOAT;OPC_QUALITY_OUT_OF_SERVICE;
PARK_LaLoma.Sinovel.012.Status;FLOAT;OPC_QUALITY_OUT_OF_SERVICE;
UPROG_EAEREG.ActivePower;FLOAT;OPC_QUALITY_OUT_OF_SERVICE;
UPROG_EAEREG.SetpointApplied;FLOAT;OPC_QUALITY_OUT_OF_SERVICE;
UPROG_EAEREG.Energy;FLOAT;OPC_QUALITY_OUT_OF_SERVICE;
UPROG_EAEREG.EnergyFuture;FLOAT;OPC_QUALITY_OUT_OF_SERVICE;
UPROG_EAEREG.EstimatedEnergy;FLOAT;OPC_QUALITY_OUT_OF_SERVICE;
UPROG_EAEREG.DesiredEnergy;FLOAT;OPC_QUALITY_OUT_OF_SERVICE;
UPROG_EAEREG.DesiredEnergyInfo;STRING;OPC_QUALITY_OUT_OF_SERVICE;
UPROG_EAEREG.AncillaryEnergy;FLOAT;OPC_QUALITY_OUT_OF_SERVICE;
UPROG_EAEREG.AncillaryEnergyInfo;STRING;OPC_QUALITY_OUT_OF_SERVICE;
UPROG_EAEREG.LimitationEnergy;FLOAT;OPC_QUALITY_OUT_OF_SERVICE;
UPROG_EAEREG.LimitationEnergyInfo;STRING;OPC_QUALITY_OUT_OF_SERVICE;
UPROG_EAEREG.ASEnergyDifference;FLOAT;OPC_QUALITY_OUT_OF_SERVICE;
UPROG_EAEREG.ASSPIncrement;FLOAT;OPC_QUALITY_OUT_OF_SERVICE;
UPROG_EAEREG.ASSPRecommended;FLOAT;OPC_QUALITY_OUT_OF_SERVICE;
UPROG_EAEREG.ASAssignStatus;STRING;OPC_QUALITY_OUT_OF_SERVICE;
UPROG_EAEREG.ASLimitStatus;STRING;OPC_QUALITY_OUT_OF_SERVICE;
UPROG_EDANSA.ActivePower;FLOAT;OPC_QUALITY_OUT_OF_SERVICE;
UPROG_EDANSA.SetpointApplied;FLOAT;OPC_QUALITY_OUT_OF_SERVICE;
UPROG_EDANSA.Energy;FLOAT;OPC_QUALITY_OUT_OF_SERVICE;
UPROG_EDANSA.EnergyFuture;FLOAT;OPC_QUALITY_OUT_OF_SERVICE;
UPROG_EDANSA.EstimatedEnergy;FLOAT;OPC_QUALITY_OUT_OF_SERVICE;
UPROG_EDANSA.DesiredEnergy;FLOAT;OPC_QUALITY_OUT_OF_SERVICE;
UPROG_EDANSA.DesiredEnergyInfo;STRING;OPC_QUALITY_OUT_OF_SERVICE;
UPROG_EDANSA.AncillaryEnergy;FLOAT;OPC_QUALITY_OUT_OF_SERVICE;
UPROG_EDANSA.AncillaryEnergyInfo;STRING;OPC_QUALITY_OUT_OF_SERVICE;
UPROG_EDANSA.LimitationEnergy;FLOAT;OPC_QUALITY_OUT_OF_SERVICE;
UPROG_EDANSA.LimitationEnergyInfo;STRING;OPC_QUALITY_OUT_OF_SERVICE;
UPROG_EDANSA.ASEnergyDifference;FLOAT;OPC_QUALITY_OUT_OF_SERVICE;
UPROG_EDANSA.ASSPIncrement;FLOAT;OPC_QUALITY_OUT_OF_SERVICE;
UPROG_EDANSA.ASSPRecommended;FLOAT;OPC_QUALITY_OUT_OF_SERVICE;
UPROG_EDANSA.ASAssignStatus;STRING;OPC_QUALITY_OUT_OF_SERVICE;
UPROG_EDANSA.ASLimitStatus;STRING;OPC_QUALITY_OUT_OF_SERVICE;
